{"stats":{"minecraft:broken":{"minecraft:stone_hoe":1,"minecraft:iron_axe":2,"minecraft:stone_axe":1,"vanillaplustools:stone_shovel":1},"minecraft:picked_up":{"luminousworld:groundpebbles_1":12,"minecraft:wheat":1,"minecraft:crafting_table":2,"luminousworld:decorative_brown_2":1,"illagerinvasion:platinum_chunk":3,"minecraft:brown_mushroom":3,"minecraft:lead":1,"friendsandfoes:totem_of_illusion":1,"minecraft:chain":2,"minecraft:raw_copper":16,"minecraft:iron_axe":1,"quark:spruce_chest":2,"minecraft:gold_nugget":52,"minecraft:spruce_planks":80,"minecraft:poppy":1,"minecraft:spruce_trapdoor":11,"minecraft:furnace":3,"minecraft:stick":89,"luminousworld:spuds":11,"minecraft:composter":1,"minecraft:torch":3,"minecraft:green_bed":4,"tombstone:grave_dust":4,"minecraft:trident":2,"minecraft:dark_oak_planks":26,"ae2:sky_stone_block":1,"minecraft:rotten_flesh":9,"minecraft:stone_sword":1,"minecraft:arrow":3,"minecraft:hay_block":2,"minecraft:cobblestone":513,"born_in_chaos_v1:corpse_maggot":2,"minecraft:leather_chestplate":1,"minecraft:potato":28,"minecraft:cobblestone_wall":5,"minecraft:cobblestone_stairs":1,"minecraft:dirt":1245,"minecraft:smooth_sandstone":9,"minecraft:bone":5,"supplementaries:cartographers_quill":1,"minecraft:wheat_seeds":31,"minecraft:stone_pickaxe":12,"minecraft:dark_oak_stairs":2,"minecraft:purple_concrete":5,"minecraft:dark_oak_slab":2,"quark:white_shard":29,"minecraft:sweet_berries":43,"minecraft:pumpkin":8,"minecraft:poisonous_potato":1,"minecraft:gravel":26,"minecraft:spruce_sapling":103,"minecraft:spruce_log":607,"illagerinvasion:illusionary_dust":1,"minecraft:spruce_door":1,"minecraft:mossy_cobblestone":19,"minecraft:pumpkin_seeds":6,"simplyswords:gold_halberd":1,"minecraft:stone_axe":1,"quark:red_shard":17,"minecraft:emerald":6,"minecraft:bread":1,"iceandfire:silver_nugget":16,"minecraft:coal":44,"iceandfire:raw_silver":1},"minecraft:mined":{"minecraft:dark_oak_planks":14,"luminousworld:groundpebbles_1":4,"iceandfire:graveyard_soil":1,"minecraft:farmland":17,"iceandfire:silver_ore":1,"minecraft:mossy_cobblestone":22,"minecraft:red_stained_glass":5,"minecraft:cobblestone_stairs":1,"luminousworld:mossbuds_1":19,"minecraft:spruce_trapdoor":11,"luminousworld:mossbuds_2":15,"minecraft:grass_block":901,"minecraft:white_stained_glass":11,"luminousworld:grassvariant_2":1,"luminousworld:decorative_brown_mushroom_1":1,"minecraft:spruce_leaves":26,"minecraft:composter":1,"minecraft:large_fern":21,"minecraft:hay_block":2,"minecraft:spruce_sapling":29,"minecraft:glowstone":1,"minecraft:pumpkin":8,"luminousworld:mossbuds_3":11,"minecraft:azure_bluet":1,"minecraft:dark_oak_stairs":38,"iceandfire:gold_pile":5,"minecraft:vine":1,"minecraft:dirt_path":12,"luminousworld:groundpebbles_2":1,"ae2:sky_stone_block":1,"minecraft:stone":379,"luminousworld:decorative_brown_2":1,"minecraft:green_bed":4,"minecraft:jungle_trapdoor":5,"minecraft:podzol":8,"luminousworld:blueberrybush":1,"minecraft:spruce_door":1,"minecraft:smooth_sandstone":10,"minecraft:crafting_table":2,"minecraft:poppy":1,"luminousworld:spuds":7,"minecraft:tall_grass":1,"minecraft:copper_ore":1,"minecraft:cobblestone":173,"minecraft:wall_torch":1,"minecraft:chain":9,"minecraft:dark_oak_slab":18,"minecraft:cobblestone_wall":5,"minecraft:wheat":14,"minecraft:sweet_berry_bush":18,"minecraft:spruce_log":200,"minecraft:pumpkin_stem":4,"minecraft:purple_concrete":5,"minecraft:grass":16,"minecraft:coal_ore":46,"iceandfire:silver_pile":3,"minecraft:gravel":17,"quark:spruce_chest":2,"minecraft:dirt":596,"luminousworld:grassvariant_3":2,"minecraft:oak_leaves":1,"minecraft:fern":20},"minecraft:dropped":{"minecraft:brown_mushroom":3,"minecraft:dark_oak_stairs":2,"minecraft:wheat_seeds":30,"minecraft:mossy_cobblestone":1,"luminousworld:spuds":11,"minecraft:poisonous_potato":1,"minecraft:cobblestone":99,"minecraft:purple_dye":4,"minecraft:emerald":6,"minecraft:dirt":119,"minecraft:torch":1,"minecraft:chain":1,"minecraft:gold_nugget":8,"minecraft:iron_axe":1,"minecraft:dark_oak_planks":12,"luminousworld:decorative_brown_2":1,"minecraft:bone":3,"minecraft:gravel":26,"minecraft:furnace":3,"minecraft:stone_axe":1,"minecraft:goat_horn":1,"minecraft:stone_sword":1,"minecraft:fern":1,"quark:white_shard":29,"minecraft:pumpkin_seeds":8,"minecraft:poppy":1,"minecraft:leather_chestplate":1,"minecraft:cobblestone_slab":12,"minecraft:trident":1,"minecraft:spruce_trapdoor":11,"minecraft:spruce_planks":56,"minecraft:spruce_log":76,"minecraft:arrow":3,"minecraft:stone_pickaxe":13,"simplyswords:gold_halberd":1},"minecraft:killed_by":{"minecraft:pillager":3,"minecraft:drowned":2},"minecraft:used":{"minecraft:stone_sword":95,"minecraft:trident":13,"minecraft:spruce_planks":14,"minecraft:shield":47,"vanillaplustools:stone_hammer":115,"minecraft:rotten_flesh":1,"minecraft:stone_hoe":208,"minecraft:iron_chestplate":1,"minecraft:dirt":866,"minecraft:carrot":23,"born_in_chaos_v1:corpse_maggot":2,"minecraft:dark_oak_planks":2,"minecraft:lava_bucket":2,"quark:spruce_chest":10,"minecraft:iron_axe":370,"minecraft:smooth_sandstone":9,"minecraft:iron_boots":1,"minecraft:dark_oak_slab":2,"minecraft:sweet_berries":24,"minecraft:furnace":3,"minecraft:goat_horn":9,"tombstone:gift":3,"minecraft:potato":72,"minecraft:water_bucket":8,"minecraft:spruce_door":1,"minecraft:green_bed":4,"minecraft:crafting_table":6,"vanillaplustools:stone_shovel":275,"minecraft:crossbow":3,"minecraft:spruce_log":24,"minecraft:iron_pickaxe":111,"minecraft:bread":32,"minecraft:stone_axe":70,"quark:dark_oak_chest":3,"minecraft:bucket":9,"alexsmobs:animal_dictionary":1,"minecraft:bone_meal":33},"minecraft:custom":{"lootr:looted_stat":24,"minecraft:mob_kills":14,"minecraft:interact_with_crafting_table":32,"minecraft:bell_ring":5,"minecraft:damage_dealt_resisted":330,"minecraft:leave_game":4,"minecraft:time_since_death":8543,"minecraft:climb_one_cm":1796,"minecraft:sprint_one_cm":482952,"minecraft:walk_one_cm":985381,"minecraft:damage_blocked_by_shield":2440,"minecraft:drop":66,"minecraft:talked_to_villager":6,"minecraft:play_time":223908,"minecraft:sneak_time":9072,"minecraft:deaths":6,"minecraft:walk_under_water_one_cm":26855,"minecraft:interact_with_brewingstand":1,"minecraft:jump":1898,"minecraft:walk_on_water_one_cm":37821,"minecraft:total_world_time":223908,"tombstone:raider_killed":4,"minecraft:sleep_in_bed":13,"minecraft:time_since_rest":6696,"minecraft:waystone_activated":1,"minecraft:damage_taken":3712,"minecraft:trigger_trapped_chest":1,"minecraft:damage_dealt":4172,"minecraft:swim_one_cm":28261,"minecraft:fly_one_cm":338631,"minecraft:open_chest":18,"minecraft:crouch_one_cm":22273,"tombstone:undead_killed":6,"minecraft:fall_one_cm":44100},"minecraft:crafted":{"minecraft:stone_shovel":18,"minecraft:cobblestone_slab":2,"vanillaplustools:stone_hammer":1,"minecraft:furnace":3,"minecraft:bone_meal":11,"quark:dark_oak_chest":3,"minecraft:iron_axe":2,"minecraft:stone_pickaxe":13,"minecraft:chest":1,"vanillaplustools:stone_shovel":2,"quark:spruce_chest":10,"minecraft:dark_oak_planks":17,"minecraft:stone_hoe":2,"minecraft:wheat":2,"sophisticatedbackpacks:backpack":1,"iceandfire:silver_ingot":1,"minecraft:crafting_table":4,"minecraft:spruce_planks":69,"minecraft:stone_axe":2,"minecraft:bread":29,"minecraft:air":320,"minecraft:shield":1,"minecraft:stick":6,"minecraft:iron_pickaxe":1,"minecraft:gold_ingot":4},"minecraft:killed":{"naturalist:rattlesnake":1,"minecraft:skeleton":1,"minecraft:drowned":1,"minecraft:illusioner":1,"undead_revamp2:the_moonflower":1,"minecraft:pillager":3,"minecraft:zombie":1,"iceandfire:ghost":1,"alexsmobs:terrapin":1,"enemyexpansion:huntsman":1}},"DataVersion":3465}