{"stats":{"minecraft:broken":{"minecraft:stone_axe":1},"minecraft:picked_up":{"luminousworld:groundpebbles_1":1,"minecraft:crafting_table":2,"minecraft:leather_chestplate":1,"illagerinvasion:platinum_chunk":3,"friendsandfoes:totem_of_illusion":1,"minecraft:chain":1,"minecraft:smooth_sandstone":9,"minecraft:bone":3,"supplementaries:cartographers_quill":1,"minecraft:wheat_seeds":5,"minecraft:gold_nugget":44,"minecraft:stone_pickaxe":12,"minecraft:poppy":1,"minecraft:purple_concrete":5,"minecraft:stick":12,"luminousworld:spuds":1,"minecraft:dark_oak_slab":2,"quark:white_shard":29,"minecraft:sweet_berries":27,"minecraft:torch":1,"minecraft:green_bed":3,"minecraft:spruce_sapling":20,"minecraft:trident":1,"minecraft:spruce_log":200,"illagerinvasion:illusionary_dust":1,"minecraft:mossy_cobblestone":19,"minecraft:dark_oak_planks":14,"ae2:sky_stone_block":1,"minecraft:stone_sword":1,"minecraft:rotten_flesh":4,"simplyswords:gold_halberd":1,"minecraft:stone_axe":1,"quark:red_shard":17,"minecraft:hay_block":2,"minecraft:bread":1,"minecraft:emerald":6,"iceandfire:silver_nugget":16,"minecraft:coal":23,"iceandfire:raw_silver":1,"minecraft:cobblestone":175},"minecraft:mined":{"minecraft:dark_oak_planks":14,"luminousworld:groundpebbles_1":1,"iceandfire:graveyard_soil":1,"iceandfire:silver_ore":1,"minecraft:mossy_cobblestone":22,"minecraft:red_stained_glass":5,"luminousworld:blueberrybush":1,"minecraft:spruce_door":1,"luminousworld:mossbuds_1":2,"minecraft:smooth_sandstone":10,"minecraft:crafting_table":2,"luminousworld:mossbuds_2":3,"minecraft:grass_block":1,"minecraft:poppy":1,"minecraft:white_stained_glass":11,"luminousworld:grassvariant_2":1,"minecraft:copper_ore":1,"minecraft:tall_grass":1,"minecraft:cobblestone":173,"minecraft:spruce_leaves":13,"minecraft:wall_torch":1,"minecraft:chain":9,"minecraft:large_fern":16,"minecraft:hay_block":2,"minecraft:glowstone":1,"minecraft:dark_oak_slab":18,"minecraft:spruce_sapling":7,"minecraft:sweet_berry_bush":11,"minecraft:spruce_log":110,"minecraft:purple_concrete":5,"luminousworld:mossbuds_3":1,"minecraft:dark_oak_stairs":34,"minecraft:azure_bluet":1,"minecraft:grass":10,"iceandfire:gold_pile":5,"iceandfire:silver_pile":3,"minecraft:coal_ore":23,"minecraft:vine":1,"luminousworld:grassvariant_3":2,"ae2:sky_stone_block":1,"minecraft:stone":56,"minecraft:oak_leaves":1,"minecraft:green_bed":3,"minecraft:fern":2,"minecraft:jungle_trapdoor":5},"minecraft:dropped":{"minecraft:stone_axe":1,"minecraft:wheat_seeds":5,"minecraft:stone_sword":1,"minecraft:mossy_cobblestone":1,"luminousworld:spuds":1,"minecraft:cobblestone":14,"minecraft:fern":1,"minecraft:purple_dye":4,"minecraft:pumpkin_seeds":2,"minecraft:emerald":6,"minecraft:poppy":1,"minecraft:leather_chestplate":1,"minecraft:cobblestone_slab":12,"minecraft:torch":1,"minecraft:chain":1,"minecraft:stone_pickaxe":13,"minecraft:bone":3,"simplyswords:gold_halberd":1},"minecraft:killed_by":{"minecraft:pillager":3,"minecraft:drowned":2},"minecraft:used":{"minecraft:trident":6,"minecraft:water_bucket":2,"minecraft:stone_sword":75,"minecraft:spruce_planks":14,"minecraft:shield":42,"vanillaplustools:stone_hammer":42,"minecraft:green_bed":2,"minecraft:iron_chestplate":1,"minecraft:crafting_table":4,"minecraft:carrot":20,"minecraft:crossbow":3,"minecraft:spruce_log":24,"minecraft:dark_oak_planks":2,"minecraft:iron_axe":206,"minecraft:bread":23,"minecraft:iron_pickaxe":111,"minecraft:smooth_sandstone":9,"minecraft:dark_oak_slab":2,"minecraft:iron_boots":1,"minecraft:stone_axe":40,"minecraft:sweet_berries":6,"minecraft:goat_horn":4,"minecraft:bucket":2,"tombstone:gift":2,"alexsmobs:animal_dictionary":1},"minecraft:custom":{"lootr:looted_stat":24,"minecraft:mob_kills":8,"tombstone:raider_killed":4,"minecraft:interact_with_crafting_table":16,"minecraft:bell_ring":5,"minecraft:damage_dealt_resisted":330,"minecraft:leave_game":3,"minecraft:time_since_death":57810,"minecraft:sleep_in_bed":10,"minecraft:climb_one_cm":1796,"minecraft:time_since_rest":3133,"minecraft:waystone_activated":1,"minecraft:sprint_one_cm":354801,"minecraft:damage_taken":2734,"minecraft:walk_one_cm":454111,"minecraft:damage_blocked_by_shield":2080,"minecraft:trigger_trapped_chest":1,"minecraft:drop":35,"minecraft:damage_dealt":3081,"minecraft:swim_one_cm":24108,"minecraft:fly_one_cm":244636,"minecraft:talked_to_villager":4,"minecraft:crouch_one_cm":6465,"minecraft:play_time":129664,"tombstone:undead_killed":2,"minecraft:deaths":5,"minecraft:sneak_time":4175,"minecraft:walk_under_water_one_cm":18061,"minecraft:interact_with_brewingstand":1,"minecraft:jump":1301,"minecraft:walk_on_water_one_cm":26059,"minecraft:total_world_time":129664,"minecraft:fall_one_cm":29004},"minecraft:crafted":{"minecraft:cobblestone_slab":2,"sophisticatedbackpacks:backpack":1,"vanillaplustools:stone_hammer":1,"iceandfire:silver_ingot":1,"minecraft:crafting_table":3,"minecraft:spruce_planks":25,"minecraft:stone_axe":1,"minecraft:bread":29,"minecraft:air":102,"minecraft:shield":1,"minecraft:iron_axe":1,"minecraft:stick":6,"minecraft:stone_pickaxe":13,"minecraft:iron_pickaxe":1,"minecraft:gold_ingot":4,"minecraft:chest":1,"minecraft:dark_oak_planks":12,"minecraft:wheat":2},"minecraft:killed":{"naturalist:rattlesnake":1,"minecraft:pillager":3,"iceandfire:ghost":1,"enemyexpansion:huntsman":1,"minecraft:illusioner":1}},"DataVersion":3465}