{"stats":{"minecraft:dropped":{"minecraft:iron_sword":1,"minecraft:brown_mushroom":3,"minecraft:dark_oak_stairs":2,"minecraft:baked_potato":9,"immersive_armors:warrior_helmet":1,"minecraft:glass_bottle":2,"luminousworld:spuds":11,"minecraft:dark_oak_slab":13,"friendsandfoes:totem_of_illusion":1,"minecraft:red_carpet":1,"minecraft:item_frame":1,"minecraft:emerald":6,"sophisticatedbackpacks:gold_backpack":1,"minecraft:dirt":119,"minecraft:chain":4,"minecraft:gold_nugget":8,"iceandfire:ash":4,"minecraft:iron_pickaxe":2,"minecraft:dark_oak_planks":22,"luminousworld:decorative_brown_2":1,"minecraft:bone":3,"minecraft:gravel":26,"minecraft:stone_axe":1,"minecraft:goat_horn":1,"hangglider:hang_glider":1,"minecraft:wheat":2,"quark:red_shard":17,"minecraft:rotten_flesh":154,"minecraft:fern":1,"minecraft:azure_bluet":2,"minecraft:mangrove_sign":2,"minecraft:poppy":1,"minecraft:leather_chestplate":2,"supplementaries:ash":23,"born_in_chaos_v1:charmof_stealth":1,"luminousworld:grassflowers":1,"minecraft:trident":1,"minecraft:melon_seeds":2,"born_in_chaos_v1:corpse_maggot":4,"minecraft:acacia_sapling":2,"comforts:sleeping_bag_white":2,"minecraft:arrow":5,"iceandfire:manuscript":2,"simplyswords:gold_halberd":1,"minecraft:enchanted_book":1,"minecraft:iron_ingot":7,"minecraft:bread":30,"luminousworld:sunset_petunias":1,"minecraft:wheat_seeds":206,"minecraft:mossy_cobblestone":37,"minecraft:poisonous_potato":7,"ae2:sky_stone_block":1,"minecraft:iron_helmet":1,"minecraft:cobblestone":304,"minecraft:spruce_stairs":1,"minecraft:tropical_fish":1,"minecraft:purple_dye":4,"born_in_chaos_v1:soul_cutlass":1,"minecraft:grass_block":1,"minecraft:coal":21,"minecraft:stick":5,"minecraft:diorite":2,"born_in_chaos_v1:great_reaper_axe":2,"minecraft:torch":1,"tombstone:grave_dust":2,"minecraft:iron_axe":1,"minecraft:paper":7,"minecraft:string":7,"minecraft:bucket":2,"minecraft:spruce_sapling":9,"minecraft:nether_brick_slab":5,"minecraft:furnace":3,"minecraft:sweet_berries":22,"minecraft:stone_sword":1,"minecraft:cobblestone_wall":6,"minecraft:raw_copper":32,"minecraft:bowl":3,"quark:white_shard":29,"minecraft:pumpkin_seeds":8,"minecraft:filled_map":1,"minecraft:cobblestone_slab":12,"minecraft:hay_block":8,"minecraft:flower_pot":1,"minecraft:spruce_trapdoor":11,"minecraft:spruce_planks":57,"luminousworld:groundpebbles_1":24,"minecraft:golden_leggings":1,"minecraft:spider_eye":1,"born_in_chaos_v1:charmof_resistance":1,"minecraft:spruce_log":76,"minecraft:stone_pickaxe":13,"minecraft:calcite":10,"minecraft:dark_prismarine":3},"minecraft:mined":{"luminousworld:white_petunias":2,"minecraft:dark_oak_planks":23,"minecraft:spruce_planks":3,"minecraft:farmland":17,"iceandfire:graveyard_soil":1,"iceandfire:copper_pile":3,"minecraft:cobblestone_stairs":1,"minecraft:red_nether_bricks":7,"minecraft:potted_crimson_fungus":1,"minecraft:carved_pumpkin":2,"minecraft:spruce_trapdoor":11,"minecraft:grass_block":1219,"iceandfire:lectern":1,"minecraft:coal_block":3,"minecraft:spawner":11,"minecraft:composter":1,"minecraft:hopper":2,"minecraft:weeping_vines_plant":2,"minecraft:magma_block":1,"minecraft:glowstone":1,"minecraft:dark_oak_trapdoor":1,"minecraft:iron_ore":5,"minecraft:fire":56,"minecraft:moss_carpet":1,"minecraft:pumpkin":16,"minecraft:anvil":1,"minecraft:azure_bluet":2,"minecraft:brown_bed":1,"minecraft:dark_oak_stairs":39,"iceandfire:gold_pile":8,"minecraft:dirt_path":12,"ecologics:walnut_log":1,"luminousworld:decorative_brown_2":1,"minecraft:iron_block":1,"minecraft:potted_orange_tulip":1,"minecraft:green_bed":7,"minecraft:jungle_trapdoor":5,"minecraft:smoker":2,"minecraft:torch":3,"minecraft:calcite":23,"minecraft:oxidized_copper":2,"minecraft:poppy":1,"luminousworld:spuds":8,"minecraft:dead_bush":1,"minecraft:nether_brick_slab":5,"born_in_chaos_v1:black_argillite_column_slab":1,"minecraft:cobblestone":197,"minecraft:oak_planks":4,"minecraft:wall_torch":2,"minecraft:skeleton_skull":2,"minecraft:chain":13,"minecraft:dark_oak_slab":24,"born_in_chaos_v1:tombstone_dark_titan_066":1,"minecraft:wheat":18,"born_in_chaos_v1:fired_black_argillite":2,"minecraft:pumpkin_stem":4,"minecraft:grass":120,"minecraft:sand":1,"minecraft:dirt":937,"luminousworld:grassvariant_3":14,"born_in_chaos_v1:infernal_evil_pumpkin_s":1,"minecraft:netherrack":41,"minecraft:piston":9,"minecraft:oak_leaves":5,"minecraft:dark_prismarine":3,"luminousworld:groundpebbles_1":4,"iceandfire:silver_ore":1,"minecraft:mossy_cobblestone":23,"luminousworld:grassvariant_4":3,"minecolonies:blockhuttownhall":1,"minecraft:red_stained_glass":5,"minecraft:dark_oak_log":1,"luminousworld:mossbuds_1":20,"luminousworld:mossbuds_2":21,"minecraft:white_stained_glass":11,"luminousworld:grassvariant_2":11,"minecraft:spruce_leaves":33,"luminousworld:decorative_brown_mushroom_1":1,"minecraft:large_fern":22,"minecraft:hay_block":34,"luminousworld:sunset_petunias":1,"minecraft:spruce_sapling":30,"minecraft:furnace":2,"luminousworld:mossbuds_3":15,"minecraft:gold_block":3,"minecraft:bookshelf":68,"minecraft:vine":1,"minecraft:lantern":1,"luminousworld:groundpebbles_2":1,"ae2:sky_stone_block":1,"minecraft:stone":386,"iceandfire:podium_spruce":1,"minecraft:bone_block":12,"minecraft:white_wool":9,"minecraft:podzol":10,"minecraft:smithing_table":1,"minecolonies:blockminecoloniesgrave":1,"luminousworld:blueberrybush":1,"quark:dark_oak_chest":1,"minecraft:stone_brick_slab":1,"minecraft:spruce_door":1,"minecraft:smooth_sandstone":10,"minecraft:crafting_table":3,"minecraft:cornflower":1,"luminousworld:grassflowers":2,"minecraft:copper_ore":1,"minecraft:tall_grass":37,"minecraft:diorite":2,"minecraft:black_stained_glass":1,"minecraft:spruce_stairs":3,"minecraft:purple_bed":3,"minecraft:coarse_dirt":10,"minecraft:cobblestone_wall":6,"minecraft:sweet_berry_bush":18,"minecraft:white_carpet":1,"minecraft:spruce_log":219,"iceandfire:ash":4,"minecraft:purple_concrete":5,"minecraft:red_wall_banner":1,"minecraft:coal_ore":47,"iceandfire:silver_pile":6,"born_in_chaos_v1:rotten_soil":1,"minecraft:cyan_carpet":1,"quark:spruce_chest":17,"minecraft:gravel":17,"minecraft:cobweb":11,"minecraft:fern":21,"undead_revamp2:arapholia":1},"minecraft:custom":{"lootr:looted_stat":102,"minecraft:animals_bred":2,"minecraft:interact_with_crafting_table":84,"minecraft:open_barrel":18,"minecraft:bell_ring":5,"minecraft:eat_cake_slice":22,"minecraft:leave_game":9,"minecraft:time_since_death":1147,"minecraft:sprint_one_cm":1294459,"minecraft:damage_blocked_by_shield":7220,"minecraft:drop":218,"minecraft:talked_to_villager":9,"minecraft:play_time":714383,"minecraft:deaths":32,"minecraft:jump":5381,"minecraft:interact_with_brewingstand":2,"minecraft:walk_on_water_one_cm":95807,"minecraft:interact_with_furnace":10,"minecraft:sleep_in_bed":27,"minecraft:waystone_activated":6,"tombstone:sneak_grave":1,"minecraft:damage_dealt":47587,"minecraft:crouch_one_cm":38707,"tombstone:undead_killed":115,"minecraft:interact_with_smoker":35,"minecraft:horse_one_cm":12905,"minecraft:interact_with_anvil":3,"minecraft:mob_kills":239,"minecraft:damage_dealt_resisted":4199,"minecraft:climb_one_cm":5581,"minecraft:walk_one_cm":2870308,"minecraft:damage_dealt_absorbed":80,"minecraft:sneak_time":19456,"minecraft:walk_under_water_one_cm":157256,"minecraft:boat_one_cm":96449,"minecraft:interact_with_blast_furnace":7,"minecraft:total_world_time":714383,"spartanshields:shield_bash_hits":2,"tombstone:raider_killed":32,"minecraft:interact_with_grindstone":4,"minecraft:time_since_rest":235,"minecraft:damage_absorbed":80,"minecraft:damage_taken":20887,"minecraft:trigger_trapped_chest":1,"minecraft:swim_one_cm":134135,"minecraft:fly_one_cm":941856,"minecraft:open_chest":290,"minecraft:fall_one_cm":92390},"minecraft:picked_up":{"born_in_chaos_v1:charmof_stealth":1,"minecraft:iron_chestplate":1,"minecraft:wheat":69,"minecraft:chainmail_boots":1,"illagerinvasion:platinum_chunk":17,"minecraft:flower_pot":2,"minecraft:anvil":2,"minecraft:yellow_wool":2,"minecraft:smithing_table":1,"minecraft:lead":1,"aether:iron_gloves":1,"minecraft:brown_bed":1,"minecraft:potion":1,"minecraft:dark_oak_trapdoor":1,"iceandfire:manuscript":6,"minecraft:string":27,"minecraft:raw_copper":32,"minecraft:smooth_stone_slab":1,"minecraft:red_nether_bricks":7,"minecraft:beetroot":1,"minecraft:gold_nugget":116,"minecraft:bucket":2,"comforts:sleeping_bag_white":5,"minecraft:spruce_planks":84,"minecraft:calcite":25,"quark:black_shard":10,"minecraft:iron_pickaxe":2,"hangglider:hang_glider":2,"minecraft:coal_block":6,"minecraft:furnace":5,"minecraft:stick":99,"born_in_chaos_v1:shattered_skull":1,"ecologics:walnut_log":1,"minecraft:composter":1,"minecraft:torch":28,"minecraft:green_bed":7,"minecraft:porkchop":5,"tombstone:grave_dust":26,"minecraft:diorite":3,"ae2:sky_stone_block":2,"quark:ancient_tome":3,"luminousworld:grassflowers":2,"minecraft:stone_sword":1,"minecraft:rotten_flesh":170,"minecraft:tropical_fish":1,"minecraft:iron_block":1,"minecraft:carved_pumpkin":3,"supplementaries:ash":29,"undead_revamp2:arapholia":1,"minecraft:cobblestone":747,"minecraft:magma_block":1,"minecraft:leather_chestplate":1,"minecraft:feather":2,"minecraft:oxidized_copper":2,"minecraft:dark_oak_boat":2,"minecraft:smoker":2,"minecraft:potato":386,"minecraft:dirt":1571,"minecraft:lantern":1,"born_in_chaos_v1:monster_skin":1,"minecraft:bone":61,"supplementaries:cartographers_quill":1,"minecraft:orange_tulip":1,"minecraft:bow":3,"minecraft:wheat_seeds":252,"born_in_chaos_v1:great_reaper_axe":3,"minecraft:stone_hoe":1,"minecraft:oak_planks":5,"minecraft:cooked_porkchop":1,"iceandfire:podium_spruce":1,"minecraft:poisonous_potato":7,"minecraft:grass_block":2,"minecraft:dark_oak_log":6,"naturalist:duck_egg":3,"minecraft:mossy_cobblestone":56,"minecraft:dark_prismarine":3,"minecraft:bundle":4,"minecraft:diamond":5,"minecraft:spruce_boat":2,"quark:red_shard":34,"waystones:waystone":3,"minecraft:crossbow":1,"minecraft:spruce_sign":2,"minecraft:emerald":25,"minecraft:bread":20,"minecraft:netherrack":35,"iceandfire:silver_nugget":35,"iceandfire:raw_silver":2,"minecraft:charcoal":22,"minecraft:crafting_table":3,"sophisticatedbackpacks:gold_backpack":2,"luminousworld:groundpebbles_1":36,"minecraft:coarse_dirt":8,"minecolonies:blockhuttownhall":1,"minecraft:azure_bluet":2,"minecraft:purple_wool":1,"luminousworld:decorative_brown_2":1,"born_in_chaos_v1:seedof_chaos":2,"born_in_chaos_v1:charmof_resistance":1,"minecraft:brown_mushroom":3,"minecraft:wooden_pickaxe":2,"friendsandfoes:totem_of_illusion":2,"minecraft:gold_block":3,"minecraft:chain":5,"quark:dark_oak_chest":1,"minecraft:shield":1,"minecraft:moss_carpet":1,"minecraft:iron_axe":1,"minecraft:item_frame":18,"iceandfire:ghost_ingot":1,"quark:spruce_chest":15,"minecraft:beef":15,"minecraft:poppy":1,"minecraft:spruce_trapdoor":11,"minecraft:piston":8,"minecraft:raw_iron":5,"luminousworld:spuds":12,"ecologics:coconut_slice":4,"minecraft:copper_ingot":3,"sophisticatedbackpacks:backpack":1,"minecraft:carrot":1,"minecraft:mangrove_sign":2,"born_in_chaos_v1:pieceofdarkmetal":3,"minecraft:trident":3,"minecraft:dark_oak_planks":37,"iceandfire:silver_ingot":1,"minecraft:arrow":36,"tombstone:essence_of_undeath":1,"minecraft:hay_block":30,"minecraft:gold_ingot":6,"minecraft:glistering_melon_slice":1,"sophisticatedbackpacks:copper_backpack":1,"minecraft:mutton":2,"minecraft:bone_block":14,"minecraft:skeleton_skull":3,"minecraft:white_wool":27,"born_in_chaos_v1:fused_bone":1,"born_in_chaos_v1:corpse_maggot":19,"enemyexpansion:horsehead_helmet":2,"born_in_chaos_v1:monster_flesh":2,"born_in_chaos_v1:pumpkin_staff":1,"minecraft:leather":15,"minecraft:filled_map":1,"minecraft:crimson_fungus":1,"minecraft:oak_log":3,"iceandfire:ectoplasm":2,"minecraft:cobblestone_wall":16,"minecraft:gunpowder":2,"minecraft:cobblestone_stairs":2,"minecraft:paper":7,"tombstone:gift":1,"minecraft:cooked_mutton":8,"naturalist:bass":1,"minecraft:smooth_sandstone":9,"minecraft:red_carpet":1,"born_in_chaos_v1:soul_cutlass":1,"minecraft:iron_ingot":28,"minecraft:stone_pickaxe":13,"minecraft:iron_sword":5,"minecraft:acacia_sapling":2,"minecraft:dark_oak_stairs":2,"minecraft:purple_concrete":5,"minecraft:book":261,"iceandfire:copper_nugget":24,"minecraft:dark_oak_slab":15,"quark:white_shard":29,"minecraft:pumpkin":16,"minecraft:sweet_berries":63,"born_in_chaos_v1:orbofthe_summoner":1,"iceandfire:ash":4,"born_in_chaos_v1:ethereal_spirit":5,"luminousworld:sunset_petunias":1,"minecraft:gravel":26,"born_in_chaos_v1:dark_rod":2,"minecraft:spruce_sapling":148,"minecraft:red_banner":1,"minecraft:spruce_log":678,"minecraft:nether_brick_slab":5,"illagerinvasion:illusionary_dust":1,"minecraft:spider_eye":4,"minecraft:spruce_door":1,"minecraft:leather_helmet":1,"undead_revamp2:rawbostrox":2,"minecraft:pumpkin_seeds":26,"minecraft:slime_ball":2,"minecraft:stone_axe":2,"simplyswords:gold_halberd":2,"minecraft:iron_helmet":1,"born_in_chaos_v1:tombstone_dark_titan_066":1,"tombstone:magic_scroll":4,"minecraft:coal":92,"minecraft:hopper":4,"minecraft:ender_pearl":1},"minecraft:killed":{"naturalist:rattlesnake":1,"minecraft:cave_spider":1,"born_in_chaos_v1:mr_pumpkin":3,"born_in_chaos_v1:restless_spirit":1,"born_in_chaos_v1:zombie_lumberjack":1,"born_in_chaos_v1:door_knight_not_despawn":1,"born_in_chaos_v1:pumpkin_spirit":1,"enemyexpansion:equestrian":2,"minecraft:spider":3,"undead_revamp2:thesmoker":3,"born_in_chaos_v1:baby_skeleton_minion":3,"undead_revamp2:theswarmer":3,"minecraft:skeleton":18,"undead_revamp2:therod":2,"minecraft:illusioner":1,"undead_revamp2:thespitter":2,"minecraft:pig":1,"minecraft:zombie_villager":5,"minecraft:creeper":1,"luminousworld:crab":1,"minecraft:sheep":6,"minecraft:pillager":29,"minecraft:zombie":19,"born_in_chaos_v1:dread_hound":2,"alexsmobs:terrapin":1,"born_in_chaos_v1:corpse_fly":5,"enemyexpansion:botfly":1,"minecraft:stray":2,"born_in_chaos_v1:door_knight":1,"minecraft:cow":5,"minecraft:vex":3,"minecraft:vindicator":2,"alexsmobs:seagull":3,"undead_revamp2:bomber":1,"enemyexpansion:direwolf":5,"born_in_chaos_v1:zombie_bruiser":2,"born_in_chaos_v1:maggot":15,"naturalist:bass":1,"minecraft:drowned":3,"minecraft:husk":13,"born_in_chaos_v1:felsteed":1,"born_in_chaos_v1:bone_imp_minion":7,"born_in_chaos_v1:baby_skeleton":4,"born_in_chaos_v1:swarmer":1,"naturalist:butterfly":1,"undead_revamp2:the_moonflower":3,"enemyexpansion:sprinter":5,"born_in_chaos_v1:decrepit_skeleton":5,"iceandfire:ghost":6,"born_in_chaos_v1:bonescaller_not_despawn":1,"enemyexpansion:huntsman":1,"born_in_chaos_v1:dark_vortex":1,"minecraft:enderman":1,"enemyexpansion:slugger":1},"minecraft:used":{"minecraft:moss_carpet":1,"luminousworld:spuds":1,"minecraft:shield":179,"minecraft:iron_sword":469,"minecraft:rotten_flesh":1,"minecraft:iron_chestplate":2,"simplyswords:diamond_rapier":275,"minecraft:carrot":56,"born_in_chaos_v1:soul_cutlass":7,"minecraft:spruce_boat":2,"born_in_chaos_v1:corpse_maggot":2,"born_in_chaos_v1:smoked_flesh":3,"minecraft:lava_bucket":61,"friendsandfoes:totem_of_illusion":1,"minecraft:dark_oak_slab":2,"minecraft:bow":52,"minecraft:dark_oak_boat":2,"minecraft:sweet_berries":54,"supplementaries:ash":1,"minecraft:furnace":3,"minecraft:potato":249,"minecraft:spruce_door":1,"minecraft:oak_planks":4,"minecraft:composter":1,"naturalist:duck_egg":3,"minecraft:golden_apple":3,"minecraft:white_wool":1,"iceandfire:podium_spruce":1,"minecraft:mushroom_stew":3,"minecraft:crossbow":3,"waystones:waystone":3,"ad_astra:oil_bucket":1,"minecraft:dark_oak_log":4,"minecraft:bread":92,"tombstone:grave_key":3,"born_in_chaos_v1:smoked_monster_flesh":1,"minecraft:golden_helmet":1,"ecologics:coconut_slice":3,"minecraft:diamond_sword":70,"tombstone:familiar_stone":1,"minecraft:smooth_stone_slab":1,"minecraft:bone_meal":93,"minecraft:stone_sword":142,"minecraft:trident":117,"minecraft:carved_pumpkin":1,"minecraft:spruce_planks":24,"vanillaplustools:stone_hammer":116,"minecraft:stone_hoe":219,"minecraft:torch":15,"minecraft:dirt":908,"minecraft:anvil":1,"immersive_armors:warrior_helmet":1,"luminousworld:grassflowers":1,"minecraft:dark_oak_planks":6,"quark:spruce_chest":28,"minecraft:iron_axe":507,"minecraft:smooth_sandstone":9,"minecraft:iron_boots":1,"minecraft:golden_carrot":2,"minecraft:oxidized_copper":1,"minecraft:goat_horn":10,"undead_revamp2:arapholia":1,"comforts:sleeping_bag_white":4,"tombstone:gift":11,"minecraft:pumpkin":3,"minecraft:brown_bed":1,"naturalist:bass":1,"minecraft:cooked_mutton":2,"minecraft:water_bucket":23,"minecraft:baked_potato":92,"minecraft:green_bed":6,"minecraft:mossy_cobblestone":1,"minecraft:crafting_table":15,"simplyswords:iron_twinblade":2,"vanillaplustools:stone_shovel":398,"minecraft:white_bed":2,"minecraft:spruce_log":25,"minecraft:cake":4,"minecraft:smoker":4,"minecraft:iron_pickaxe":350,"minecraft:leather_helmet":1,"minecraft:golden_leggings":1,"minecraft:stone_axe":70,"quark:dark_oak_chest":4,"minecraft:cobblestone":168,"minecraft:bucket":84,"minecraft:pumpkin_pie":6,"alexsmobs:animal_dictionary":1},"minecraft:broken":{"minecraft:iron_boots":1,"minecraft:iron_chestplate":1,"minecraft:golden_leggings":1,"minecraft:stone_axe":2,"minecraft:iron_sword":1,"immersive_armors:steampunk_boots":1,"minecraft:stone_sword":1,"aether:iron_gloves":1,"minecraft:stone_hoe":1,"minecraft:shield":1,"minecraft:iron_axe":2,"minecraft:iron_helmet":1,"vanillaplustools:stone_shovel":2},"minecraft:killed_by":{"minecraft:pillager":3,"born_in_chaos_v1:bone_imp_minion":1,"minecraft:drowned":2,"born_in_chaos_v1:supreme_bonescaller_not_despawn":1,"born_in_chaos_v1:bonescaller_not_despawn":1,"minecraft:vex":5,"minecraft:husk":1,"undead_revamp2:thespitter":1,"iceandfire:ghost":2},"minecraft:crafted":{"minecraft:cobblestone_slab":2,"immersive_armors:warrior_helmet":2,"minecraft:dark_oak_boat":1,"ecologics:walnut_planks":1,"sophisticatedbackpacks:crafting_upgrade":1,"immersive_armors:steampunk_leggings":1,"minecraft:cooked_mutton":5,"minecraft:bow":1,"minecraft:chest":1,"vanillaplustools:stone_shovel":3,"minecraft:stone_hoe":2,"minecraft:smoker":2,"immersive_armors:bone_chestplate":1,"sophisticatedbackpacks:backpack":1,"immersive_armors:bone_leggings":1,"minecraft:crafting_table":13,"minecraft:spruce_planks":114,"minecraft:baked_potato":79,"immersive_armors:steampunk_boots":2,"minecraft:pumpkin_seeds":8,"sophisticatedbackpacks:upgrade_base":1,"minecraft:iron_chestplate":1,"minecraft:golden_leggings":1,"minecraft:shield":6,"minecraft:stick":12,"minecraft:iron_pickaxe":1,"minecraft:gold_ingot":6,"minecraft:stone_shovel":29,"vanillaplustools:stone_hammer":1,"simplyswords:iron_twinblade":1,"comforts:sleeping_bag_white":2,"minecraft:furnace":3,"minecraft:bone_meal":31,"born_in_chaos_v1:smoked_monster_flesh":5,"quark:dark_oak_chest":3,"minecraft:leather":5,"minecraft:iron_axe":3,"minecraft:stone_pickaxe":13,"minecraft:spruce_boat":1,"quark:spruce_chest":16,"minecraft:dark_oak_planks":17,"minecraft:golden_helmet":1,"minecraft:wheat":13,"sophisticatedbackpacks:iron_backpack":2,"iceandfire:silver_ingot":1,"minecraft:leather_helmet":1,"sophisticatedbackpacks:gold_backpack":2,"minecraft:stone_axe":2,"minecraft:bread":105,"minecraft:air":785,"immersive_armors:bone_helmet":1,"minecraft:white_wool":1,"minecraft:white_bed":2,"minecraft:torch":8}},"DataVersion":3465}