{"stats":{"minecraft:broken":{"minecraft:iron_axe":2,"minecraft:stone_axe":1,"vanillaplustools:stone_shovel":1},"minecraft:picked_up":{"luminousworld:groundpebbles_1":12,"minecraft:wheat":1,"minecraft:crafting_table":2,"luminousworld:decorative_brown_2":1,"illagerinvasion:platinum_chunk":3,"minecraft:brown_mushroom":3,"minecraft:lead":1,"friendsandfoes:totem_of_illusion":1,"minecraft:chain":2,"minecraft:raw_copper":16,"minecraft:iron_axe":1,"quark:spruce_chest":2,"minecraft:gold_nugget":52,"minecraft:spruce_planks":80,"minecraft:poppy":1,"minecraft:spruce_trapdoor":11,"minecraft:stick":87,"luminousworld:spuds":10,"minecraft:composter":1,"minecraft:torch":3,"minecraft:green_bed":4,"minecraft:trident":1,"minecraft:dark_oak_planks":26,"ae2:sky_stone_block":1,"minecraft:rotten_flesh":7,"minecraft:stone_sword":1,"minecraft:arrow":3,"minecraft:hay_block":2,"minecraft:cobblestone":383,"minecraft:leather_chestplate":1,"minecraft:cobblestone_wall":5,"minecraft:cobblestone_stairs":1,"minecraft:dirt":1036,"minecraft:smooth_sandstone":9,"minecraft:bone":5,"supplementaries:cartographers_quill":1,"minecraft:wheat_seeds":31,"minecraft:stone_pickaxe":12,"minecraft:dark_oak_stairs":2,"minecraft:purple_concrete":5,"minecraft:dark_oak_slab":2,"quark:white_shard":29,"minecraft:sweet_berries":41,"minecraft:pumpkin":8,"minecraft:gravel":19,"minecraft:spruce_sapling":101,"minecraft:spruce_log":602,"illagerinvasion:illusionary_dust":1,"minecraft:spruce_door":1,"minecraft:mossy_cobblestone":19,"minecraft:pumpkin_seeds":6,"simplyswords:gold_halberd":1,"minecraft:stone_axe":1,"quark:red_shard":17,"minecraft:emerald":6,"minecraft:bread":1,"iceandfire:silver_nugget":16,"minecraft:coal":44,"iceandfire:raw_silver":1},"minecraft:mined":{"minecraft:dark_oak_planks":14,"luminousworld:groundpebbles_1":4,"iceandfire:graveyard_soil":1,"minecraft:farmland":15,"iceandfire:silver_ore":1,"minecraft:mossy_cobblestone":22,"minecraft:red_stained_glass":5,"minecraft:cobblestone_stairs":1,"luminousworld:mossbuds_1":18,"minecraft:spruce_trapdoor":11,"luminousworld:mossbuds_2":13,"minecraft:grass_block":869,"minecraft:white_stained_glass":11,"luminousworld:grassvariant_2":1,"luminousworld:decorative_brown_mushroom_1":1,"minecraft:spruce_leaves":26,"minecraft:composter":1,"minecraft:large_fern":21,"minecraft:hay_block":2,"minecraft:spruce_sapling":29,"minecraft:glowstone":1,"minecraft:pumpkin":8,"luminousworld:mossbuds_3":10,"minecraft:azure_bluet":1,"minecraft:dark_oak_stairs":38,"iceandfire:gold_pile":5,"minecraft:vine":1,"minecraft:dirt_path":12,"luminousworld:groundpebbles_2":1,"ae2:sky_stone_block":1,"minecraft:stone":346,"luminousworld:decorative_brown_2":1,"minecraft:green_bed":4,"minecraft:jungle_trapdoor":5,"minecraft:podzol":7,"luminousworld:blueberrybush":1,"minecraft:spruce_door":1,"minecraft:smooth_sandstone":10,"minecraft:crafting_table":2,"minecraft:poppy":1,"luminousworld:spuds":6,"minecraft:tall_grass":1,"minecraft:copper_ore":1,"minecraft:cobblestone":173,"minecraft:wall_torch":1,"minecraft:chain":9,"minecraft:dark_oak_slab":18,"minecraft:cobblestone_wall":5,"minecraft:wheat":14,"minecraft:sweet_berry_bush":16,"minecraft:spruce_log":198,"minecraft:pumpkin_stem":4,"minecraft:purple_concrete":5,"minecraft:grass":14,"minecraft:coal_ore":46,"iceandfire:silver_pile":3,"minecraft:gravel":15,"quark:spruce_chest":2,"minecraft:dirt":529,"luminousworld:grassvariant_3":2,"minecraft:oak_leaves":1,"minecraft:fern":14},"minecraft:dropped":{"minecraft:brown_mushroom":3,"minecraft:dark_oak_stairs":2,"minecraft:wheat_seeds":30,"minecraft:mossy_cobblestone":1,"luminousworld:spuds":10,"minecraft:cobblestone":14,"minecraft:purple_dye":4,"minecraft:emerald":6,"minecraft:dirt":64,"minecraft:torch":1,"minecraft:chain":1,"minecraft:gold_nugget":8,"minecraft:iron_axe":1,"minecraft:dark_oak_planks":12,"luminousworld:decorative_brown_2":1,"minecraft:bone":3,"minecraft:stone_axe":1,"minecraft:goat_horn":1,"minecraft:stone_sword":1,"minecraft:fern":1,"minecraft:pumpkin_seeds":8,"minecraft:poppy":1,"minecraft:leather_chestplate":1,"minecraft:cobblestone_slab":12,"minecraft:spruce_trapdoor":11,"minecraft:spruce_planks":56,"minecraft:spruce_log":76,"minecraft:stone_pickaxe":13,"simplyswords:gold_halberd":1},"minecraft:killed_by":{"minecraft:pillager":3,"minecraft:drowned":2},"minecraft:used":{"minecraft:stone_sword":81,"minecraft:trident":8,"minecraft:spruce_planks":14,"minecraft:shield":43,"vanillaplustools:stone_hammer":106,"minecraft:iron_chestplate":1,"minecraft:dirt":592,"minecraft:carrot":20,"minecraft:dark_oak_planks":2,"minecraft:lava_bucket":2,"quark:spruce_chest":10,"minecraft:iron_axe":370,"minecraft:smooth_sandstone":9,"minecraft:iron_boots":1,"minecraft:dark_oak_slab":2,"minecraft:sweet_berries":14,"minecraft:goat_horn":9,"tombstone:gift":2,"minecraft:water_bucket":2,"minecraft:spruce_door":1,"minecraft:green_bed":4,"minecraft:crafting_table":5,"vanillaplustools:stone_shovel":255,"minecraft:crossbow":3,"minecraft:spruce_log":24,"minecraft:iron_pickaxe":111,"minecraft:bread":32,"minecraft:stone_axe":68,"quark:dark_oak_chest":1,"minecraft:bucket":4,"alexsmobs:animal_dictionary":1},"minecraft:custom":{"lootr:looted_stat":24,"minecraft:mob_kills":11,"minecraft:interact_with_crafting_table":27,"minecraft:bell_ring":5,"minecraft:damage_dealt_resisted":330,"minecraft:leave_game":4,"minecraft:time_since_death":128054,"minecraft:climb_one_cm":1796,"minecraft:sprint_one_cm":456226,"minecraft:walk_one_cm":818347,"minecraft:damage_blocked_by_shield":2120,"minecraft:drop":56,"minecraft:talked_to_villager":6,"minecraft:play_time":199908,"minecraft:sneak_time":8482,"minecraft:deaths":5,"minecraft:walk_under_water_one_cm":20390,"minecraft:interact_with_brewingstand":1,"minecraft:jump":1803,"minecraft:walk_on_water_one_cm":31546,"minecraft:total_world_time":199908,"tombstone:raider_killed":4,"minecraft:sleep_in_bed":13,"minecraft:time_since_rest":31016,"minecraft:waystone_activated":1,"minecraft:damage_taken":3217,"minecraft:trigger_trapped_chest":1,"minecraft:damage_dealt":3386,"minecraft:swim_one_cm":24538,"minecraft:fly_one_cm":320285,"minecraft:open_chest":15,"minecraft:crouch_one_cm":20007,"tombstone:undead_killed":4,"minecraft:fall_one_cm":39168},"minecraft:crafted":{"minecraft:stone_shovel":18,"minecraft:cobblestone_slab":2,"vanillaplustools:stone_hammer":1,"quark:dark_oak_chest":1,"minecraft:iron_axe":2,"minecraft:stone_pickaxe":13,"minecraft:chest":1,"vanillaplustools:stone_shovel":2,"quark:spruce_chest":10,"minecraft:dark_oak_planks":12,"minecraft:wheat":2,"sophisticatedbackpacks:backpack":1,"iceandfire:silver_ingot":1,"minecraft:crafting_table":3,"minecraft:spruce_planks":65,"minecraft:stone_axe":2,"minecraft:bread":29,"minecraft:air":259,"minecraft:shield":1,"minecraft:stick":6,"minecraft:iron_pickaxe":1,"minecraft:gold_ingot":4},"minecraft:killed":{"naturalist:rattlesnake":1,"minecraft:skeleton":1,"minecraft:illusioner":1,"undead_revamp2:the_moonflower":1,"minecraft:pillager":3,"iceandfire:ghost":1,"enemyexpansion:huntsman":1}},"DataVersion":3465}