{"stats":{"minecraft:crafted":{"minecraft:cobblestone_slab":2,"sophisticatedbackpacks:backpack":1,"vanillaplustools:stone_hammer":1,"minecraft:crafting_table":2,"minecraft:spruce_planks":21,"minecraft:stone_axe":1,"minecraft:bread":29,"minecraft:air":95,"minecraft:shield":1,"minecraft:stick":6,"minecraft:stone_pickaxe":13,"minecraft:iron_pickaxe":1,"minecraft:chest":1,"minecraft:dark_oak_planks":12,"minecraft:wheat":2},"minecraft:mined":{"iceandfire:graveyard_soil":1,"iceandfire:silver_ore":1,"minecraft:mossy_cobblestone":1,"luminousworld:blueberrybush":1,"luminousworld:mossbuds_1":2,"minecraft:smooth_sandstone":10,"minecraft:crafting_table":1,"luminousworld:mossbuds_2":2,"minecraft:grass_block":1,"minecraft:poppy":1,"luminousworld:grassvariant_2":1,"minecraft:copper_ore":1,"minecraft:tall_grass":1,"minecraft:cobblestone":29,"minecraft:spruce_leaves":1,"minecraft:wall_torch":1,"minecraft:large_fern":14,"minecraft:hay_block":2,"minecraft:dark_oak_slab":1,"minecraft:spruce_sapling":7,"minecraft:sweet_berry_bush":11,"minecraft:spruce_log":5,"minecraft:purple_concrete":5,"luminousworld:mossbuds_3":1,"minecraft:azure_bluet":1,"minecraft:grass":10,"minecraft:coal_ore":23,"minecraft:vine":1,"luminousworld:grassvariant_3":2,"ae2:sky_stone_block":1,"minecraft:stone":56,"minecraft:oak_leaves":1,"minecraft:green_bed":3,"minecraft:fern":1},"minecraft:custom":{"lootr:looted_stat":24,"minecraft:mob_kills":8,"tombstone:raider_killed":4,"minecraft:interact_with_crafting_table":13,"minecraft:bell_ring":5,"minecraft:damage_dealt_resisted":330,"minecraft:leave_game":3,"minecraft:time_since_death":41230,"minecraft:sleep_in_bed":9,"minecraft:climb_one_cm":1796,"minecraft:time_since_rest":1051,"minecraft:waystone_activated":1,"minecraft:sprint_one_cm":337803,"minecraft:damage_taken":2569,"minecraft:walk_one_cm":403161,"minecraft:damage_blocked_by_shield":2080,"minecraft:trigger_trapped_chest":1,"minecraft:drop":34,"minecraft:damage_dealt":3081,"minecraft:swim_one_cm":24108,"minecraft:talked_to_villager":4,"minecraft:fly_one_cm":238504,"minecraft:crouch_one_cm":3276,"minecraft:play_time":113084,"tombstone:undead_killed":2,"minecraft:deaths":5,"minecraft:sneak_time":1908,"minecraft:walk_under_water_one_cm":18061,"minecraft:interact_with_brewingstand":1,"minecraft:jump":1209,"minecraft:walk_on_water_one_cm":26059,"minecraft:total_world_time":113084,"minecraft:fall_one_cm":23790},"minecraft:used":{"minecraft:water_bucket":2,"minecraft:trident":6,"minecraft:stone_sword":75,"minecraft:spruce_planks":14,"minecraft:shield":42,"vanillaplustools:stone_hammer":6,"minecraft:green_bed":2,"minecraft:iron_chestplate":1,"minecraft:crafting_table":3,"minecraft:carrot":20,"minecraft:crossbow":3,"minecraft:spruce_log":24,"minecraft:dark_oak_planks":2,"minecraft:bread":20,"minecraft:iron_pickaxe":86,"minecraft:smooth_sandstone":9,"minecraft:dark_oak_slab":2,"minecraft:iron_boots":1,"minecraft:stone_axe":40,"minecraft:sweet_berries":6,"minecraft:goat_horn":4,"minecraft:bucket":2,"tombstone:gift":2,"alexsmobs:animal_dictionary":1},"minecraft:picked_up":{"minecraft:crafting_table":1,"minecraft:leather_chestplate":1,"illagerinvasion:platinum_chunk":3,"friendsandfoes:totem_of_illusion":1,"minecraft:smooth_sandstone":9,"minecraft:bone":3,"supplementaries:cartographers_quill":1,"minecraft:wheat_seeds":5,"minecraft:gold_nugget":8,"minecraft:stone_pickaxe":12,"minecraft:poppy":1,"minecraft:purple_concrete":5,"minecraft:stick":10,"luminousworld:spuds":1,"minecraft:dark_oak_slab":2,"minecraft:sweet_berries":27,"minecraft:torch":1,"minecraft:green_bed":3,"minecraft:spruce_sapling":20,"minecraft:spruce_log":111,"minecraft:trident":1,"illagerinvasion:illusionary_dust":1,"minecraft:mossy_cobblestone":1,"ae2:sky_stone_block":1,"minecraft:stone_sword":1,"minecraft:rotten_flesh":2,"minecraft:stone_axe":1,"simplyswords:gold_halberd":1,"minecraft:hay_block":2,"minecraft:emerald":6,"iceandfire:raw_silver":1,"minecraft:coal":23,"minecraft:cobblestone":62},"minecraft:killed":{"naturalist:rattlesnake":1,"minecraft:pillager":3,"iceandfire:ghost":1,"enemyexpansion:huntsman":1,"minecraft:illusioner":1},"minecraft:dropped":{"minecraft:stone_axe":1,"minecraft:wheat_seeds":5,"minecraft:stone_sword":1,"minecraft:mossy_cobblestone":1,"luminousworld:spuds":1,"minecraft:cobblestone":14,"minecraft:fern":1,"minecraft:purple_dye":4,"minecraft:pumpkin_seeds":2,"minecraft:emerald":6,"minecraft:leather_chestplate":1,"minecraft:poppy":1,"minecraft:cobblestone_slab":12,"minecraft:torch":1,"minecraft:stone_pickaxe":13,"minecraft:bone":3,"simplyswords:gold_halberd":1},"minecraft:killed_by":{"minecraft:pillager":3,"minecraft:drowned":2},"minecraft:broken":{"minecraft:stone_axe":1}},"DataVersion":3465}