{"stats":{"minecraft:crafted":{"sophisticatedbackpacks:backpack":1,"minecraft:crafting_table":1,"minecraft:spruce_planks":2,"minecraft:bread":29,"minecraft:air":58,"minecraft:shield":1,"minecraft:iron_pickaxe":1,"minecraft:chest":1,"minecraft:dark_oak_planks":12,"minecraft:wheat":2},"minecraft:mined":{"iceandfire:graveyard_soil":1,"minecraft:mossy_cobblestone":1,"luminousworld:blueberrybush":1,"minecraft:smooth_sandstone":10,"minecraft:crafting_table":1,"luminousworld:mossbuds_2":1,"minecraft:poppy":1,"luminousworld:grassvariant_2":1,"minecraft:tall_grass":1,"minecraft:cobblestone":15,"minecraft:wall_torch":1,"minecraft:hay_block":2,"minecraft:dark_oak_slab":1,"minecraft:sweet_berry_bush":11,"minecraft:purple_concrete":5,"minecraft:azure_bluet":1,"minecraft:grass":10,"minecraft:vine":1,"luminousworld:grassvariant_3":2,"ae2:sky_stone_block":1,"minecraft:oak_leaves":1,"minecraft:fern":1,"minecraft:green_bed":2},"minecraft:custom":{"lootr:looted_stat":24,"minecraft:mob_kills":7,"tombstone:raider_killed":4,"minecraft:interact_with_crafting_table":7,"minecraft:bell_ring":5,"minecraft:damage_dealt_resisted":330,"minecraft:leave_game":2,"minecraft:time_since_death":16162,"minecraft:sleep_in_bed":6,"minecraft:climb_one_cm":1796,"minecraft:time_since_rest":4182,"minecraft:waystone_activated":1,"minecraft:sprint_one_cm":276327,"minecraft:damage_taken":2359,"minecraft:walk_one_cm":294100,"minecraft:damage_blocked_by_shield":2080,"minecraft:trigger_trapped_chest":1,"minecraft:drop":9,"minecraft:damage_dealt":2981,"minecraft:talked_to_villager":3,"minecraft:swim_one_cm":21580,"minecraft:fly_one_cm":203708,"minecraft:crouch_one_cm":1808,"minecraft:play_time":88016,"tombstone:undead_killed":2,"minecraft:deaths":5,"minecraft:sneak_time":845,"minecraft:walk_under_water_one_cm":16611,"minecraft:jump":971,"minecraft:interact_with_brewingstand":1,"minecraft:walk_on_water_one_cm":23699,"minecraft:total_world_time":88016,"minecraft:fall_one_cm":16465},"minecraft:used":{"minecraft:trident":5,"minecraft:stone_sword":73,"minecraft:spruce_planks":2,"minecraft:shield":42,"minecraft:green_bed":2,"minecraft:iron_chestplate":1,"minecraft:crafting_table":1,"minecraft:carrot":20,"minecraft:crossbow":3,"minecraft:dark_oak_planks":2,"minecraft:bread":15,"minecraft:smooth_sandstone":3,"minecraft:iron_pickaxe":33,"minecraft:dark_oak_slab":2,"minecraft:iron_boots":1,"minecraft:sweet_berries":6,"minecraft:goat_horn":4,"tombstone:gift":2,"alexsmobs:animal_dictionary":1},"minecraft:picked_up":{"minecraft:crafting_table":1,"minecraft:leather_chestplate":1,"illagerinvasion:platinum_chunk":3,"friendsandfoes:totem_of_illusion":1,"minecraft:smooth_sandstone":9,"minecraft:bone":3,"supplementaries:cartographers_quill":1,"minecraft:wheat_seeds":2,"minecraft:gold_nugget":8,"minecraft:poppy":1,"minecraft:purple_concrete":5,"minecraft:stick":2,"minecraft:dark_oak_slab":2,"minecraft:sweet_berries":27,"minecraft:torch":1,"minecraft:green_bed":2,"minecraft:spruce_sapling":1,"minecraft:trident":1,"illagerinvasion:illusionary_dust":1,"minecraft:mossy_cobblestone":1,"ae2:sky_stone_block":1,"minecraft:stone_sword":1,"minecraft:rotten_flesh":2,"simplyswords:gold_halberd":1,"minecraft:hay_block":2,"minecraft:emerald":6,"minecraft:cobblestone":15},"minecraft:killed":{"minecraft:pillager":3,"iceandfire:ghost":1,"enemyexpansion:huntsman":1,"minecraft:illusioner":1},"minecraft:dropped":{"minecraft:wheat_seeds":2,"minecraft:stone_sword":1,"minecraft:purple_dye":4,"minecraft:emerald":6,"simplyswords:gold_halberd":1,"minecraft:bone":3},"minecraft:killed_by":{"minecraft:pillager":3,"minecraft:drowned":2}},"DataVersion":3465}