{"stats":{"minecraft:dropped":{"minecraft:candle":1,"minecraft:wooden_pickaxe":1},"minecraft:killed":{"born_in_chaos_v1:bonescaller":1,"ecologics:coconut_crab":2,"born_in_chaos_v1:baby_skeleton_minion":1,"enemyexpansion:slugger":1},"minecraft:crafted":{"minecraft:crafting_table":3,"minecraft:spruce_planks":8,"minecraft:stick":5,"minecraft:wooden_pickaxe":1,"minecraft:stone_pickaxe":1,"minecraft:stone_sword":1,"minecraft:torch":1,"ecologics:sandcastle":1,"minecraft:stone_axe":1,"minecraft:air":48},"minecraft:killed_by":{"born_in_chaos_v1:zombie_lumberjack":1},"minecraft:picked_up":{"minecraft:crafting_table":1,"born_in_chaos_v1:staffof_magic_arrows":1,"minecraft:stick":1,"minecraft:raw_iron":2,"minecraft:sandstone":1,"luminousworld:spuds":1,"born_in_chaos_v1:spiritual_dust":1,"ecologics:coconut_slice":8,"minecraft:torch":1,"ecologics:seashell":2,"minecraft:sand":7,"minecraft:spruce_sapling":2,"tombstone:grave_dust":1,"minecraft:spruce_log":27,"minecraft:dirt":32,"minecraft:bone":2,"minecraft:rotten_flesh":1,"minecraft:candle":1,"minecraft:coal":1,"minecraft:cobblestone":23,"ecologics:crab_claw":1},"minecraft:mined":{"minecraft:large_fern":1,"ecologics:seashell":1,"minecraft:candle":1,"luminousworld:blueberrybush":1,"minecraft:iron_ore":2,"minecraft:spruce_log":8,"luminousworld:mossbuds_1":1,"minecraft:crafting_table":1,"minecraft:grass":1,"luminousworld:mossbuds_2":2,"minecraft:grass_block":11,"minecraft:coal_ore":1,"luminousworld:spuds":1,"minecraft:sand":7,"minecraft:dirt":21,"minecraft:spruce_leaves":10,"minecraft:stone":24,"minecraft:sandstone":1,"minecraft:wall_torch":1,"ecologics:sandcastle":1},"minecraft:custom":{"minecraft:time_since_rest":35922,"minecraft:sprint_one_cm":16382,"minecraft:damage_taken":355,"minecraft:walk_one_cm":62948,"minecraft:mob_kills":5,"minecraft:drop":2,"minecraft:damage_dealt":636,"minecraft:interact_with_crafting_table":5,"minecraft:fly_one_cm":6698,"minecraft:crouch_one_cm":326,"minecraft:play_time":83693,"tombstone:undead_killed":3,"minecraft:deaths":1,"minecraft:sneak_time":224,"minecraft:damage_dealt_resisted":70,"minecraft:jump":202,"minecraft:leave_game":3,"minecraft:time_since_death":36215,"minecraft:walk_on_water_one_cm":2394,"minecraft:total_world_time":83693,"minecraft:fall_one_cm":3982},"minecraft:used":{"ecologics:sandcastle":1,"minecraft:stone_sword":23,"minecraft:stone_pickaxe":26,"minecraft:wooden_pickaxe":3,"minecraft:torch":2,"minecraft:stone_axe":5,"ecologics:coconut_slice":1,"minecraft:dirt":11,"minecraft:sand":2,"minecraft:crafting_table":2}},"DataVersion":3465}