{"stats":{"minecraft:mined":{"minecraft:grass":2,"minecraft:hay_block":2,"luminousworld:grassvariant_3":1,"minecraft:tall_grass":1},"minecraft:custom":{"minecraft:time_since_rest":1,"minecraft:crouch_one_cm":11,"minecraft:play_time":5374,"lootr:looted_stat":3,"minecraft:sprint_one_cm":37425,"minecraft:walk_one_cm":12815,"minecraft:damage_taken":552,"minecraft:deaths":2,"minecraft:sneak_time":17,"minecraft:drop":1,"minecraft:jump":146,"minecraft:damage_dealt":96,"minecraft:time_since_death":2000,"minecraft:total_world_time":5374,"minecraft:fall_one_cm":2391,"minecraft:fly_one_cm":23421},"minecraft:used":{"tombstone:gift":2,"minecraft:spruce_planks":2,"minecraft:iron_boots":1},"minecraft:picked_up":{"minecraft:wheat_seeds":1,"minecraft:hay_block":2},"minecraft:dropped":{"minecraft:wheat_seeds":1},"minecraft:killed_by":{"minecraft:pillager":2}},"DataVersion":3465}