{"stats":{"minecraft:crafted":{"minecraft:shield":1,"minecraft:iron_pickaxe":1,"minecraft:dark_oak_planks":8,"minecraft:air":1},"minecraft:mined":{"minecraft:hay_block":2,"minecraft:dark_oak_slab":1,"minecraft:purple_concrete":5,"minecraft:azure_bluet":1,"minecraft:grass":5,"luminousworld:grassvariant_2":1,"luminousworld:grassvariant_3":1,"minecraft:tall_grass":1},"minecraft:custom":{"minecraft:time_since_rest":2494,"minecraft:waystone_activated":1,"minecraft:sprint_one_cm":96889,"lootr:looted_stat":13,"minecraft:damage_taken":1146,"minecraft:walk_one_cm":53951,"minecraft:damage_blocked_by_shield":630,"minecraft:mob_kills":3,"minecraft:drop":1,"tombstone:raider_killed":3,"minecraft:damage_dealt":1860,"minecraft:interact_with_crafting_table":1,"minecraft:fly_one_cm":68442,"minecraft:crouch_one_cm":52,"minecraft:play_time":17374,"minecraft:deaths":3,"minecraft:sneak_time":59,"minecraft:jump":367,"minecraft:time_since_death":7983,"minecraft:sleep_in_bed":1,"minecraft:total_world_time":17374,"minecraft:fall_one_cm":5605},"minecraft:used":{"minecraft:stone_sword":37,"minecraft:iron_pickaxe":5,"minecraft:spruce_planks":2,"minecraft:shield":20,"minecraft:dark_oak_slab":2,"minecraft:iron_boots":1,"minecraft:iron_chestplate":1,"minecraft:carrot":12,"tombstone:gift":2,"alexsmobs:animal_dictionary":1},"minecraft:picked_up":{"minecraft:dark_oak_slab":2,"illagerinvasion:platinum_chunk":3,"minecraft:wheat_seeds":1,"minecraft:hay_block":2,"minecraft:emerald":2,"minecraft:purple_concrete":5},"minecraft:killed":{"minecraft:pillager":3},"minecraft:dropped":{"minecraft:wheat_seeds":1},"minecraft:killed_by":{"minecraft:pillager":3}},"DataVersion":3465}