{"stats":{"minecraft:crafted":{"minecraft:shield":1,"minecraft:crafting_table":1,"minecraft:spruce_planks":1,"minecraft:iron_pickaxe":1,"minecraft:dark_oak_planks":8,"minecraft:bread":29,"minecraft:air":53,"minecraft:wheat":2},"minecraft:mined":{"minecraft:hay_block":2,"iceandfire:graveyard_soil":1,"minecraft:dark_oak_slab":1,"minecraft:purple_concrete":5,"minecraft:crafting_table":1,"minecraft:azure_bluet":1,"minecraft:grass":9,"minecraft:vine":1,"luminousworld:grassvariant_2":1,"luminousworld:grassvariant_3":2,"minecraft:tall_grass":1,"minecraft:green_bed":2},"minecraft:custom":{"minecraft:time_since_rest":5104,"minecraft:waystone_activated":1,"minecraft:sprint_one_cm":140022,"lootr:looted_stat":15,"minecraft:damage_taken":1273,"minecraft:walk_one_cm":106264,"minecraft:trigger_trapped_chest":1,"minecraft:damage_blocked_by_shield":670,"minecraft:mob_kills":3,"minecraft:drop":2,"tombstone:raider_killed":3,"minecraft:damage_dealt":1915,"minecraft:swim_one_cm":401,"minecraft:interact_with_crafting_table":2,"minecraft:fly_one_cm":128267,"minecraft:crouch_one_cm":149,"minecraft:play_time":29374,"minecraft:deaths":3,"minecraft:sneak_time":127,"minecraft:walk_under_water_one_cm":398,"minecraft:jump":482,"minecraft:walk_on_water_one_cm":1197,"minecraft:time_since_death":19983,"minecraft:sleep_in_bed":2,"minecraft:climb_one_cm":1796,"minecraft:total_world_time":29374,"minecraft:fall_one_cm":7713},"minecraft:used":{"minecraft:stone_sword":40,"minecraft:iron_pickaxe":5,"minecraft:spruce_planks":2,"minecraft:shield":25,"minecraft:dark_oak_slab":2,"minecraft:iron_boots":1,"minecraft:green_bed":1,"minecraft:iron_chestplate":1,"minecraft:crafting_table":1,"minecraft:carrot":20,"tombstone:gift":2,"alexsmobs:animal_dictionary":1},"minecraft:picked_up":{"minecraft:crafting_table":1,"minecraft:dark_oak_slab":2,"illagerinvasion:platinum_chunk":3,"minecraft:green_bed":2,"minecraft:wheat_seeds":1,"minecraft:hay_block":2,"minecraft:emerald":2,"minecraft:purple_concrete":5},"minecraft:killed":{"minecraft:pillager":3},"minecraft:dropped":{"minecraft:wheat_seeds":1,"minecraft:purple_dye":4},"minecraft:killed_by":{"minecraft:pillager":3}},"DataVersion":3465}