{"stats":{"minecraft:used":{"ecologics:sandcastle":1,"minecraft:stone_sword":23,"minecraft:stone_pickaxe":9,"minecraft:wooden_pickaxe":3,"minecraft:stone_axe":5,"ecologics:coconut_slice":1,"minecraft:dirt":1,"minecraft:sand":2,"minecraft:crafting_table":2},"minecraft:picked_up":{"minecraft:stick":1,"born_in_chaos_v1:staffof_magic_arrows":1,"minecraft:crafting_table":1,"minecraft:raw_iron":2,"minecraft:sandstone":1,"luminousworld:spuds":1,"born_in_chaos_v1:spiritual_dust":1,"ecologics:coconut_slice":8,"ecologics:seashell":2,"minecraft:sand":7,"minecraft:spruce_sapling":2,"tombstone:grave_dust":1,"minecraft:spruce_log":27,"minecraft:dirt":4,"minecraft:bone":2,"minecraft:rotten_flesh":1,"minecraft:candle":1,"minecraft:coal":1,"minecraft:cobblestone":8,"ecologics:crab_claw":1},"minecraft:killed":{"born_in_chaos_v1:bonescaller":1,"ecologics:coconut_crab":2,"born_in_chaos_v1:baby_skeleton_minion":1,"enemyexpansion:slugger":1},"minecraft:custom":{"minecraft:time_since_rest":7208,"minecraft:sprint_one_cm":15522,"minecraft:damage_taken":355,"minecraft:walk_one_cm":57135,"minecraft:mob_kills":5,"minecraft:drop":2,"minecraft:damage_dealt":636,"minecraft:interact_with_crafting_table":5,"minecraft:fly_one_cm":6382,"minecraft:crouch_one_cm":326,"minecraft:play_time":54979,"tombstone:undead_killed":3,"minecraft:deaths":1,"minecraft:sneak_time":224,"minecraft:damage_dealt_resisted":70,"minecraft:jump":161,"minecraft:leave_game":1,"minecraft:walk_on_water_one_cm":2394,"minecraft:time_since_death":7501,"minecraft:total_world_time":54979,"minecraft:fall_one_cm":3982},"minecraft:crafted":{"minecraft:crafting_table":3,"minecraft:spruce_planks":8,"minecraft:stick":5,"minecraft:wooden_pickaxe":1,"minecraft:stone_pickaxe":1,"minecraft:stone_sword":1,"minecraft:torch":1,"ecologics:sandcastle":1,"minecraft:stone_axe":1,"minecraft:air":48},"minecraft:killed_by":{"born_in_chaos_v1:zombie_lumberjack":1},"minecraft:mined":{"ecologics:seashell":1,"minecraft:candle":1,"luminousworld:blueberrybush":1,"minecraft:iron_ore":2,"minecraft:spruce_log":8,"minecraft:crafting_table":1,"minecraft:grass":1,"luminousworld:mossbuds_2":1,"minecraft:grass_block":2,"minecraft:coal_ore":1,"luminousworld:spuds":1,"minecraft:sand":7,"minecraft:dirt":2,"minecraft:spruce_leaves":10,"minecraft:stone":8,"minecraft:sandstone":1,"ecologics:sandcastle":1},"minecraft:dropped":{"minecraft:candle":1,"minecraft:wooden_pickaxe":1}},"DataVersion":3465}