{"stats":{"minecraft:dropped":{"minecraft:iron_sword":1,"minecraft:glass_bottle":3,"immersive_armors:warrior_helmet":1,"minecraft:dark_oak_slab":13,"minecraft:cracked_stone_bricks":1,"minecraft:red_carpet":1,"friendsandfoes:totem_of_illusion":1,"minecraft:item_frame":1,"sophisticatedbackpacks:gold_backpack":2,"minecraft:emerald":6,"minecraft:dirt":119,"minecraft:chain":4,"minecraft:writable_book":1,"minecraft:gold_nugget":8,"minecraft:iron_pickaxe":2,"minecraft:dark_oak_planks":22,"minecraft:bone":3,"minecraft:oak_door":3,"minecraft:stone_axe":1,"minecraft:goat_horn":1,"minecraft:wheat":2,"quark:red_shard":17,"minecraft:rotten_flesh":159,"minecraft:azure_bluet":2,"born_in_chaos_v1:charmof_stealth":1,"luminousworld:grassflowers":1,"minecraft:acacia_sapling":2,"iceandfire:manuscript":2,"minecraft:enchanted_book":1,"minecraft:iron_ingot":7,"minecraft:wheat_seeds":207,"minecraft:feather":11,"minecraft:iron_helmet":1,"minecraft:cobblestone":304,"minecraft:book":2,"minecraft:purple_dye":4,"born_in_chaos_v1:soul_cutlass":1,"minecraft:coal":21,"minecraft:oak_stairs":1,"minecraft:string":9,"minecraft:paper":7,"minecraft:spruce_sapling":9,"minecraft:furnace":3,"minecraft:bricks":1,"minecraft:stone_sword":1,"minecraft:cobblestone_wall":6,"minecraft:cocoa_beans":1,"minecraft:bowl":3,"minecraft:spruce_fence":2,"minecraft:pumpkin_seeds":8,"minecraft:cobblestone_slab":12,"minecraft:hay_block":8,"minecraft:flower_pot":1,"minecraft:spruce_trapdoor":11,"minecraft:spruce_planks":57,"minecraft:spider_eye":1,"born_in_chaos_v1:charmof_resistance":1,"minecraft:dark_prismarine":3,"minecraft:dark_oak_stairs":2,"minecraft:brown_mushroom":3,"minecraft:oak_log":3,"minecraft:baked_potato":9,"luminousworld:spuds":11,"minecraft:lantern":2,"artifacts:superstitious_hat":1,"iceandfire:ash":4,"luminousworld:decorative_brown_2":1,"minecraft:gravel":26,"hangglider:hang_glider":1,"minecraft:fern":1,"minecraft:mangrove_sign":2,"minecraft:poppy":1,"minecraft:leather_chestplate":2,"supplementaries:ash":24,"minecraft:trident":1,"minecraft:melon_seeds":2,"born_in_chaos_v1:corpse_maggot":4,"minecraft:stone_brick_wall":4,"comforts:sleeping_bag_white":2,"minecraft:arrow":5,"simplyswords:gold_halberd":1,"minecraft:bread":30,"luminousworld:sunset_petunias":1,"minecraft:mossy_cobblestone":37,"minecraft:poisonous_potato":7,"ae2:sky_stone_block":1,"minecraft:copper_ingot":1,"minecraft:tropical_fish":1,"minecraft:spruce_stairs":3,"minecraft:grass_block":1,"minecraft:stick":6,"minecraft:diorite":2,"born_in_chaos_v1:great_reaper_axe":2,"minecraft:torch":1,"tombstone:grave_dust":2,"minecraft:iron_axe":1,"minecraft:bucket":3,"minecraft:nether_brick_slab":5,"minecraft:sweet_berries":22,"simplyswords:diamond_greataxe":1,"minecraft:raw_copper":32,"minecraft:stripped_oak_log":3,"quark:white_shard":29,"minecraft:filled_map":1,"luminousworld:groundpebbles_1":25,"minecraft:golden_leggings":1,"simplyswords:emberblade":2,"artifacts:cross_necklace":1,"minecraft:spruce_log":79,"immersive_armors:robe_leggings":1,"minecraft:stone_pickaxe":13,"minecraft:calcite":10},"minecraft:mined":{"minecraft:dark_oak_planks":23,"iceandfire:copper_pile":3,"minecraft:red_nether_bricks":7,"minecraft:potted_crimson_fungus":1,"minecraft:carved_pumpkin":2,"born_in_chaos_v1:dark_metal_deposit":1,"minecraft:coal_block":3,"minecraft:hopper":2,"minecraft:spawner":14,"minecraft:weeping_vines_plant":2,"minecraft:magma_block":1,"minecraft:dark_oak_trapdoor":1,"minecraft:fire":57,"minecraft:pumpkin":16,"minecraft:moss_carpet":1,"iceandfire:gold_pile":17,"minecraft:dirt_path":12,"minecraft:iron_block":1,"minecraft:jungle_trapdoor":5,"minecraft:smoker":2,"minecraft:torch":3,"minecraft:oxidized_copper":2,"minecraft:white_stained_glass_pane":2,"minecraft:dead_bush":1,"minecraft:nether_brick_slab":5,"minecraft:skeleton_skull":2,"minecraft:white_terracotta":3,"minecraft:chain":13,"minecraft:wheat":18,"minecraft:pumpkin_stem":4,"minecraft:grass":126,"luminousworld:grassvariant_3":15,"born_in_chaos_v1:infernal_evil_pumpkin_s":1,"minecraft:piston":9,"minecraft:dark_prismarine":3,"iceandfire:silver_ore":9,"minecraft:mossy_cobblestone":23,"minecraft:dark_oak_log":1,"luminousworld:mossbuds_1":21,"minecraft:spruce_fence":1,"luminousworld:grassvariant_2":12,"iceandfire:chared_gravel":1,"luminousworld:mossbuds_3":17,"minecraft:vine":3,"luminousworld:groundpebbles_2":1,"ae2:sky_stone_block":1,"iceandfire:podium_spruce":1,"minecraft:bone_block":12,"minecraft:white_wool":9,"minecraft:smithing_table":1,"minecraft:glass_pane":6,"quark:dark_oak_chest":1,"minecraft:stone_brick_slab":1,"ecologics:thin_ice":2,"minecraft:smooth_sandstone":10,"minecraft:cornflower":1,"luminousworld:grassflowers":2,"minecraft:tall_grass":47,"minecraft:copper_ore":1,"minecraft:diorite":2,"minecraft:black_stained_glass":1,"minecraft:purple_bed":3,"minecraft:coarse_dirt":10,"minecraft:cobblestone_wall":6,"minecraft:white_carpet":1,"minecraft:spruce_log":219,"minecraft:purple_concrete":5,"minecraft:red_wall_banner":1,"iceandfire:silver_pile":6,"minecraft:gravel":17,"minecraft:cobweb":12,"minecraft:stone_bricks":1,"minecraft:fern":21,"undead_revamp2:arapholia":1,"luminousworld:white_petunias":2,"minecraft:spruce_planks":4,"iceandfire:graveyard_soil":3,"minecraft:farmland":17,"minecraft:cobblestone_stairs":1,"minecraft:spruce_trapdoor":11,"minecraft:grass_block":1219,"iceandfire:lectern":1,"minecraft:composter":1,"minecraft:glowstone":1,"minecraft:iron_ore":5,"minecraft:anvil":1,"minecraft:azure_bluet":2,"minecraft:dark_oak_stairs":39,"minecraft:brown_bed":1,"ecologics:walnut_log":1,"luminousworld:decorative_brown_2":1,"minecraft:potted_orange_tulip":1,"minecraft:green_bed":7,"minecraft:calcite":23,"minecraft:poppy":1,"luminousworld:spuds":8,"born_in_chaos_v1:black_argillite_column_slab":1,"minecraft:cobblestone":197,"minecraft:oak_planks":5,"minecraft:wall_torch":2,"minecraft:dark_oak_slab":24,"born_in_chaos_v1:tombstone_dark_titan_066":1,"born_in_chaos_v1:fired_black_argillite":4,"minecraft:tnt":14,"minecraft:sand":2,"minecraft:dirt":938,"minecraft:netherrack":41,"minecraft:oak_leaves":8,"luminousworld:groundpebbles_1":5,"minecolonies:blockhuttownhall":1,"luminousworld:grassvariant_4":3,"minecraft:red_stained_glass":5,"luminousworld:mossbuds_2":21,"minecraft:white_stained_glass":11,"luminousworld:decorative_brown_mushroom_1":1,"iceandfire:chared_dirt":1,"minecraft:spruce_leaves":33,"minecraft:large_fern":23,"minecraft:hay_block":74,"minecraft:spore_blossom":1,"luminousworld:sunset_petunias":1,"minecraft:spruce_sapling":30,"minecraft:furnace":2,"minecraft:gold_block":3,"minecraft:bookshelf":68,"minecraft:lantern":2,"minecraft:stone":386,"minecraft:podzol":10,"minecolonies:blockminecoloniesgrave":1,"luminousworld:blueberrybush":1,"minecraft:red_banner":1,"minecraft:spruce_door":1,"minecraft:crafting_table":3,"born_in_chaos_v1:chipped_black_argillite_brick":1,"minecraft:spruce_stairs":3,"minecraft:sweet_berry_bush":18,"minecraft:ice":1,"iceandfire:ash":4,"minecraft:coal_ore":71,"quark:spruce_chest":17,"minecraft:cyan_carpet":1,"born_in_chaos_v1:rotten_soil":1},"minecraft:custom":{"minecraft:open_barrel":21,"minecraft:interact_with_crafting_table":86,"minecraft:bell_ring":5,"minecraft:eat_cake_slice":24,"minecraft:leave_game":9,"minecraft:time_since_death":65735,"minecraft:damage_blocked_by_shield":9385,"minecraft:play_time":924383,"minecraft:deaths":34,"minecraft:jump":6969,"minecraft:interact_with_furnace":11,"minecraft:sleep_in_bed":39,"minecraft:waystone_activated":9,"tombstone:sneak_grave":1,"minecraft:damage_dealt":64914,"tombstone:undead_killed":150,"minecraft:interact_with_smoker":35,"minecraft:horse_one_cm":38999,"minecraft:interact_with_anvil":5,"minecraft:damage_dealt_absorbed":80,"minecraft:sneak_time":23852,"minecraft:interact_with_blast_furnace":10,"minecraft:total_world_time":924383,"tombstone:raider_killed":51,"minecraft:time_since_rest":31356,"minecraft:swim_one_cm":199325,"minecraft:fly_one_cm":1137363,"minecraft:open_chest":344,"minecraft:fall_one_cm":131137,"lootr:looted_stat":211,"minecraft:animals_bred":4,"minecraft:sprint_one_cm":1471675,"minecraft:drop":257,"minecraft:talked_to_villager":15,"minecraft:interact_with_brewingstand":6,"minecraft:walk_on_water_one_cm":134489,"minecraft:crouch_one_cm":47348,"minecraft:mob_kills":316,"minecraft:damage_dealt_resisted":5366,"minecraft:climb_one_cm":13504,"minecraft:walk_one_cm":3686340,"minecraft:walk_under_water_one_cm":197553,"minecraft:boat_one_cm":609120,"spartanshields:shield_bash_hits":3,"minecraft:interact_with_grindstone":4,"minecraft:damage_taken":26011,"minecraft:damage_absorbed":161,"minecraft:trigger_trapped_chest":1},"minecraft:picked_up":{"born_in_chaos_v1:charmof_stealth":1,"minecraft:iron_chestplate":1,"minecraft:chainmail_boots":1,"minecraft:anvil":2,"minecraft:flower_pot":2,"minecraft:smithing_table":1,"minecraft:lead":1,"minecraft:oak_stairs":1,"minecraft:brown_bed":1,"iceandfire:manuscript":6,"minecraft:string":29,"minecraft:dark_oak_trapdoor":1,"born_in_chaos_v1:mesh_door":1,"minecraft:red_nether_bricks":7,"minecraft:beetroot":1,"minecraft:gold_nugget":308,"minecraft:spruce_planks":85,"hangglider:hang_glider":2,"minecraft:coal_block":6,"born_in_chaos_v1:shattered_skull":1,"minecraft:composter":1,"minecraft:green_bed":7,"simplyswords:diamond_greataxe":1,"luminousworld:grassflowers":2,"minecraft:stone_sword":1,"luminousworld:yellow_grassflowers":1,"minecraft:tropical_fish":1,"immersive_armors:robe_leggings":1,"minecraft:iron_block":1,"minecraft:carved_pumpkin":3,"simplyswords:emberblade":2,"minecraft:white_terracotta":6,"supplementaries:ash":29,"minecraft:birch_log":1,"minecraft:magma_block":1,"minecraft:feather":2,"minecraft:oxidized_copper":2,"minecraft:jungle_log":2,"minecraft:dark_oak_boat":2,"minecraft:smoker":2,"minecraft:lantern":15,"supplementaries:cartographers_quill":1,"born_in_chaos_v1:great_reaper_axe":3,"minecraft:honeycomb":3,"iceandfire:dragon_skull_fire":1,"minecraft:dark_oak_log":6,"naturalist:duck_egg":3,"minecraft:bundle":4,"minecraft:bread":57,"minecraft:bricks":1,"iceandfire:raw_silver":10,"minecraft:coarse_dirt":8,"sophisticatedbackpacks:gold_backpack":3,"luminousworld:groundpebbles_1":37,"minecraft:crafting_table":3,"minecolonies:blockhuttownhall":1,"minecraft:purple_wool":1,"luminousworld:decorative_brown_2":1,"born_in_chaos_v1:seedof_chaos":2,"born_in_chaos_v1:charmof_resistance":1,"friendsandfoes:totem_of_illusion":2,"quark:dark_oak_chest":1,"born_in_chaos_v1:fired_black_argillite":1,"iceandfire:ghost_ingot":1,"minecraft:cracked_stone_bricks":1,"quark:spruce_chest":15,"minecraft:beef":17,"minecraft:poppy":1,"minecraft:piston":8,"minecraft:egg":1,"luminousworld:spuds":12,"minecraft:oak_door":3,"minecraft:glow_item_frame":1,"artifacts:charm_of_sinking":1,"sophisticatedbackpacks:backpack":1,"minecraft:spruce_fence":3,"minecraft:mangrove_sign":2,"born_in_chaos_v1:pieceofdarkmetal":4,"minecraft:carrot":1,"iceandfire:dragon_skull_ice":4,"minecraft:tnt":14,"minecraft:hay_block":70,"sophisticatedbackpacks:copper_backpack":1,"minecraft:gold_ingot":6,"tombstone:essence_of_undeath":1,"minecraft:mutton":3,"minecraft:white_wool":28,"minecraft:bone_block":14,"minecraft:stripped_oak_log":3,"enemyexpansion:horsehead_helmet":2,"iceandfire:sea_serpent_fang":3,"born_in_chaos_v1:monster_flesh":2,"born_in_chaos_v1:pumpkin_staff":1,"minecraft:filled_map":1,"minecraft:oak_log":9,"minecraft:paper":7,"tombstone:gift":1,"born_in_chaos_v1:soul_cutlass":1,"minecraft:stone_bricks":4,"minecraft:spore_blossom":1,"minecraft:stone_pickaxe":13,"minecraft:iron_sword":7,"minecraft:dark_oak_stairs":2,"minecraft:dark_oak_slab":15,"iceandfire:copper_nugget":24,"quark:white_shard":29,"alexsmobs:fish_bones":2,"minecraft:sweet_berries":63,"born_in_chaos_v1:orbofthe_summoner":1,"born_in_chaos_v1:ethereal_spirit":5,"minecraft:gravel":26,"minecraft:spruce_sapling":148,"minecraft:spruce_log":678,"illagerinvasion:illusionary_dust":1,"minecraft:leather_helmet":1,"minecraft:slime_ball":2,"minecraft:stone_axe":2,"minecraft:painting":1,"iceandfire:ice_dragon_flesh":5,"minecraft:hopper":4,"minecraft:ender_pearl":1,"minecraft:wheat":77,"illagerinvasion:platinum_chunk":22,"minecraft:yellow_wool":2,"aether:iron_gloves":1,"minecraft:potion":3,"minecraft:stone_brick_stairs":5,"minecraft:raw_copper":32,"minecraft:smooth_stone_slab":1,"minecraft:purple_banner":2,"minecraft:bucket":2,"comforts:sleeping_bag_white":12,"minecraft:calcite":25,"quark:black_shard":10,"minecraft:iron_pickaxe":2,"iceandfire:dragonscales_red":22,"minecraft:furnace":5,"minecraft:stick":99,"ecologics:walnut_log":1,"minecraft:oak_fence":7,"minecraft:torch":28,"minecraft:spruce_stairs":2,"minecraft:porkchop":5,"minecraft:diorite":3,"tombstone:grave_dust":41,"ae2:sky_stone_block":2,"quark:ancient_tome":3,"minecraft:rotten_flesh":222,"undead_revamp2:arapholia":2,"minecraft:cobblestone":747,"minecraft:leather_chestplate":1,"minecraft:potato":386,"minecraft:dirt":1571,"born_in_chaos_v1:monster_skin":1,"minecraft:bone":73,"minecraft:wheat_seeds":254,"minecraft:bow":3,"minecraft:orange_tulip":1,"minecraft:bell":1,"minecraft:oak_planks":13,"minecraft:stone_hoe":1,"minecraft:cooked_porkchop":1,"iceandfire:podium_spruce":1,"minecraft:poisonous_potato":7,"minecraft:sand":1,"minecraft:grass_block":2,"minecraft:mossy_cobblestone":56,"minecraft:dark_prismarine":3,"born_in_chaos_v1:fire_dust":1,"minecraft:diamond":5,"minecraft:spruce_boat":5,"quark:red_shard":34,"waystones:waystone":5,"minecraft:crossbow":2,"minecraft:spruce_sign":2,"alexsmobs:moose_ribs":3,"minecraft:emerald":41,"minecraft:netherrack":35,"iceandfire:silver_nugget":35,"minecraft:charcoal":24,"minecraft:azure_bluet":2,"minecraft:chicken":2,"minecraft:turtle_helmet":1,"minecraft:brown_mushroom":3,"minecraft:wooden_pickaxe":2,"minecraft:stone_brick_wall":4,"minecraft:gold_block":3,"minecraft:diamond_horse_armor":1,"minecraft:chain":5,"minecraft:shield":2,"minecraft:moss_carpet":1,"minecraft:iron_axe":2,"minecraft:item_frame":33,"minecraft:spruce_trapdoor":11,"iceandfire:ice_dragon_heart":1,"minecraft:raw_iron":5,"iceandfire:dragonbone":34,"ecologics:coconut_slice":6,"minecraft:copper_ingot":5,"minecraft:trident":3,"minecraft:dark_oak_planks":37,"iceandfire:silver_ingot":1,"minecraft:arrow":43,"iceandfire:chared_dirt":1,"minecraft:saddle":1,"minecraft:glistering_melon_slice":1,"minecraft:skeleton_skull":3,"born_in_chaos_v1:fused_bone":1,"born_in_chaos_v1:corpse_maggot":24,"simplyswords:diamond_rapier":1,"minecraft:leather":15,"minecraft:crimson_fungus":1,"iceandfire:ectoplasm":2,"minecraft:gunpowder":4,"minecraft:cobblestone_wall":16,"minecraft:cobblestone_stairs":2,"naturalist:bass":1,"minecraft:cooked_mutton":8,"minecraft:smooth_sandstone":9,"minecraft:red_carpet":1,"minecraft:iron_ingot":29,"minecraft:acacia_sapling":2,"iceandfire:fire_dragon_flesh":2,"minecraft:purple_concrete":5,"minecraft:book":261,"minecraft:oak_slab":2,"minecraft:pumpkin":16,"iceandfire:ash":4,"luminousworld:sunset_petunias":1,"born_in_chaos_v1:dark_rod":2,"minecraft:red_banner":2,"minecraft:nether_brick_slab":5,"minecraft:spruce_door":1,"minecraft:spider_eye":4,"undead_revamp2:rawbostrox":2,"minecraft:pumpkin_seeds":26,"simplyswords:gold_halberd":2,"minecraft:iron_helmet":1,"born_in_chaos_v1:tombstone_dark_titan_066":1,"tombstone:magic_scroll":6,"minecraft:coal":116,"iceandfire:chared_gravel":1},"minecraft:killed":{"naturalist:rattlesnake":1,"minecraft:cave_spider":1,"born_in_chaos_v1:mr_pumpkin":3,"born_in_chaos_v1:zombie_lumberjack":2,"born_in_chaos_v1:restless_spirit":1,"born_in_chaos_v1:door_knight_not_despawn":1,"born_in_chaos_v1:pumpkin_spirit":1,"enemyexpansion:equestrian":2,"undead_revamp2:theswarmer":3,"born_in_chaos_v1:baby_skeleton_minion":3,"minecraft:skeleton":22,"alexsmobs:skelewag":2,"undead_revamp2:thespitter":2,"alexsmobs:seal":1,"luminousworld:crab":2,"minecraft:pillager":41,"minecraft:zombie":31,"born_in_chaos_v1:corpse_fly":5,"enemyexpansion:botfly":11,"born_in_chaos_v1:door_knight":2,"minecraft:cow":5,"minecraft:vindicator":2,"alexsmobs:seagull":3,"undead_revamp2:bomber":1,"minecraft:husk":25,"born_in_chaos_v1:bone_imp_minion":7,"undead_revamp2:the_moonflower":4,"enemyexpansion:sprinter":5,"born_in_chaos_v1:decrepit_skeleton":5,"iceandfire:ghost":6,"born_in_chaos_v1:dark_vortex":1,"minecraft:enderman":1,"minecraft:spider":3,"undead_revamp2:thesmoker":3,"luminousworld:king_crab":1,"undead_revamp2:therod":2,"minecraft:illusioner":1,"born_in_chaos_v1:firelight_not_despawn":1,"minecraft:pig":1,"minecraft:zombie_villager":5,"minecraft:creeper":2,"minecraft:sheep":7,"born_in_chaos_v1:dread_hound":2,"alexsmobs:terrapin":1,"minecraft:stray":2,"minecraft:vex":3,"luminousworld:sand_crab":1,"luminousworld:sunken_skeleton":1,"enemyexpansion:direwolf":5,"born_in_chaos_v1:zombie_bruiser":2,"born_in_chaos_v1:maggot":19,"iceandfire:fire_dragon":1,"naturalist:bass":1,"minecraft:drowned":3,"undead_revamp2:thehorrors":1,"born_in_chaos_v1:felsteed":1,"born_in_chaos_v1:baby_skeleton":5,"born_in_chaos_v1:swarmer":1,"naturalist:butterfly":1,"born_in_chaos_v1:bonescaller_not_despawn":1,"enemyexpansion:huntsman":1,"alexsmobs:moose":1,"enemyexpansion:slugger":1},"minecraft:used":{"minecraft:writable_book":1,"luminousworld:spuds":1,"iceandfire:dragon_skull_ice":2,"lootr:trophy":1,"minecraft:rotten_flesh":1,"simplyswords:diamond_rapier":444,"born_in_chaos_v1:soul_cutlass":7,"minecraft:spruce_boat":6,"born_in_chaos_v1:smoked_flesh":9,"minecraft:lava_bucket":68,"friendsandfoes:totem_of_illusion":1,"minecraft:dark_oak_slab":2,"born_in_chaos_v1:fired_black_argillite":1,"minecraft:bow":64,"minecraft:dark_oak_boat":2,"minecraft:sweet_berries":54,"supplementaries:ash":1,"minecraft:furnace":3,"minecraft:egg":1,"minecraft:potato":249,"minecraft:spruce_door":1,"minecraft:composter":1,"simplyswords:emberblade":1,"naturalist:duck_egg":3,"minecraft:golden_apple":6,"simplyswords:diamond_greataxe":216,"minecraft:sand":1,"minecraft:diamond_sword":70,"minecraft:birch_log":1,"minecraft:stone_sword":142,"minecraft:carved_pumpkin":1,"vanillaplustools:stone_hammer":116,"minecraft:torch":15,"minecraft:anvil":1,"immersive_armors:warrior_helmet":1,"minecraft:iron_axe":507,"minecraft:goat_horn":10,"minecraft:oxidized_copper":1,"tombstone:gift":11,"undead_revamp2:arapholia":1,"comforts:sleeping_bag_white":11,"naturalist:bass":1,"minecraft:wheat_seeds":1,"minecraft:water_bucket":23,"iceandfire:chared_dirt":1,"minecraft:mossy_cobblestone":1,"minecraft:crafting_table":15,"vanillaplustools:stone_shovel":398,"minecraft:white_bed":2,"minecraft:cake":5,"minecraft:spruce_log":28,"minecraft:iron_pickaxe":400,"minecraft:leather_helmet":1,"quark:dark_oak_chest":4,"minecraft:cobblestone":168,"minecraft:potion":1,"minecraft:moss_carpet":1,"minecraft:iron_shovel":2,"minecraft:shield":259,"minecraft:iron_sword":469,"minecraft:iron_chestplate":3,"minecraft:carrot":122,"born_in_chaos_v1:corpse_maggot":2,"minecraft:lantern":1,"minecraft:stone_bricks":1,"minecraft:item_frame":1,"minecraft:oak_planks":11,"minecraft:white_wool":1,"iceandfire:podium_spruce":1,"minecraft:mushroom_stew":3,"minecraft:crossbow":3,"waystones:waystone":4,"ad_astra:oil_bucket":1,"minecraft:dark_oak_log":4,"minecraft:bread":134,"tombstone:grave_key":3,"born_in_chaos_v1:smoked_monster_flesh":1,"minecraft:golden_helmet":1,"ecologics:coconut_slice":5,"tombstone:familiar_stone":1,"minecraft:smooth_stone_slab":1,"minecraft:bone_meal":93,"minecraft:trident":117,"minecraft:spruce_planks":41,"minecraft:stone_hoe":219,"minecraft:dirt":908,"luminousworld:grassflowers":1,"minecraft:dark_oak_planks":6,"quark:spruce_chest":29,"minecraft:smooth_sandstone":9,"minecraft:iron_boots":1,"minecraft:golden_carrot":2,"minecraft:pumpkin":3,"minecraft:brown_bed":1,"minecraft:cooked_mutton":2,"iceandfire:fire_dragon_flesh":1,"minecraft:baked_potato":92,"minecraft:green_bed":6,"born_in_chaos_v1:stimulating_decoction":1,"spartanshields:iron_tower_shield":31,"simplyswords:iron_twinblade":2,"minecraft:smoker":4,"minecraft:apple":7,"simplyswords:iron_sai":6,"minecraft:golden_leggings":1,"minecraft:stone_axe":70,"iceandfire:chared_gravel":1,"born_in_chaos_v1:tombstone_dark_titan_066":1,"minecraft:bucket":92,"minecraft:pumpkin_pie":6,"alexsmobs:animal_dictionary":1},"minecraft:broken":{"minecraft:iron_boots":1,"minecraft:iron_chestplate":1,"minecraft:iron_sword":1,"minecraft:stone_sword":1,"aether:iron_gloves":1,"minecraft:stone_hoe":1,"minecraft:shield":3,"minecraft:iron_axe":2,"minecraft:iron_helmet":1,"vanillaplustools:stone_shovel":2,"minecraft:golden_leggings":1,"minecraft:stone_axe":2,"immersive_armors:steampunk_boots":1},"minecraft:killed_by":{"minecraft:pillager":3,"born_in_chaos_v1:supreme_bonescaller_not_despawn":1,"minecraft:vex":5,"minecraft:husk":1,"undead_revamp2:thespitter":1,"iceandfire:ghost":2,"born_in_chaos_v1:bone_imp_minion":1,"minecraft:drowned":2,"born_in_chaos_v1:bonescaller_not_despawn":1},"minecraft:crafted":{"immersive_armors:warrior_helmet":2,"spartanshields:wooden_tower_shield":1,"ecologics:walnut_planks":1,"sophisticatedbackpacks:crafting_upgrade":1,"minecraft:cooked_mutton":5,"immersive_armors:steampunk_leggings":1,"vanillaplustools:stone_shovel":3,"immersive_armors:bone_leggings":1,"minecraft:golden_leggings":1,"minecraft:iron_pickaxe":1,"minecraft:gold_ingot":13,"minecraft:stone_shovel":29,"vanillaplustools:stone_hammer":1,"comforts:sleeping_bag_white":2,"minecraft:bone_meal":31,"born_in_chaos_v1:smoked_monster_flesh":5,"minecraft:stone_pickaxe":13,"minecraft:spruce_boat":1,"quark:spruce_chest":16,"minecraft:dark_oak_planks":17,"minecraft:golden_helmet":1,"minecraft:wheat":13,"sophisticatedbackpacks:gold_backpack":2,"minecraft:leather_helmet":1,"immersive_armors:bone_helmet":1,"minecraft:iron_shovel":1,"minecraft:white_bed":2,"minecraft:cobblestone_slab":2,"minecraft:dark_oak_boat":1,"minecraft:bow":1,"minecraft:chest":1,"minecraft:stone_hoe":2,"minecraft:smoker":2,"immersive_armors:bone_chestplate":1,"sophisticatedbackpacks:backpack":1,"minecraft:crafting_table":13,"minecraft:spruce_planks":131,"minecraft:baked_potato":79,"immersive_armors:steampunk_boots":2,"minecraft:pumpkin_seeds":8,"sophisticatedbackpacks:upgrade_base":1,"minecraft:iron_chestplate":1,"minecraft:shield":7,"minecraft:stick":16,"simplyswords:iron_twinblade":1,"minecraft:furnace":3,"quark:dark_oak_chest":3,"minecraft:leather":5,"minecraft:iron_axe":3,"sophisticatedbackpacks:iron_backpack":2,"iceandfire:silver_ingot":1,"minecraft:stone_axe":2,"minecraft:bread":105,"minecraft:air":812,"minecraft:white_wool":1,"minecraft:torch":8}},"DataVersion":3465}