{"stats":{"minecraft:broken":{"minecraft:stone_sword":1,"minecraft:iron_boots":1,"minecraft:stone_hoe":1,"minecraft:golden_leggings":1,"minecraft:shield":1,"minecraft:iron_axe":2,"minecraft:stone_axe":2,"minecraft:iron_helmet":1,"vanillaplustools:stone_shovel":2},"minecraft:picked_up":{"born_in_chaos_v1:seedof_chaos":2,"luminousworld:groundpebbles_1":12,"minecraft:wheat":1,"minecraft:crafting_table":2,"luminousworld:decorative_brown_2":1,"illagerinvasion:platinum_chunk":3,"minecraft:brown_mushroom":3,"minecraft:lead":1,"friendsandfoes:totem_of_illusion":2,"minecraft:chain":4,"minecraft:string":8,"minecraft:raw_copper":32,"minecraft:iron_axe":1,"quark:spruce_chest":2,"comforts:sleeping_bag_white":1,"minecraft:gold_nugget":52,"minecraft:bucket":1,"minecraft:spruce_planks":80,"minecraft:poppy":1,"minecraft:spruce_trapdoor":11,"born_in_chaos_v1:shattered_skull":1,"minecraft:furnace":4,"minecraft:stick":93,"luminousworld:spuds":12,"minecraft:composter":1,"minecraft:torch":5,"minecraft:green_bed":5,"tombstone:grave_dust":8,"minecraft:trident":2,"minecraft:dark_oak_planks":26,"ae2:sky_stone_block":1,"minecraft:rotten_flesh":13,"minecraft:stone_sword":1,"minecraft:arrow":17,"minecraft:hay_block":2,"sophisticatedbackpacks:copper_backpack":1,"supplementaries:ash":2,"undead_revamp2:arapholia":1,"minecraft:cobblestone":720,"born_in_chaos_v1:corpse_maggot":2,"minecraft:leather_chestplate":1,"minecraft:potato":49,"minecraft:crimson_fungus":1,"minecraft:oak_log":3,"minecraft:gunpowder":2,"minecraft:cobblestone_wall":5,"minecraft:cobblestone_stairs":1,"minecraft:dirt":1493,"minecraft:lantern":1,"tombstone:gift":1,"minecraft:red_carpet":1,"minecraft:smooth_sandstone":9,"minecraft:bone":31,"supplementaries:cartographers_quill":1,"minecraft:wheat_seeds":33,"minecraft:stone_pickaxe":12,"born_in_chaos_v1:great_reaper_axe":1,"minecraft:dark_oak_stairs":2,"minecraft:purple_concrete":5,"minecraft:dark_oak_slab":13,"quark:white_shard":29,"minecraft:sweet_berries":60,"minecraft:pumpkin":8,"born_in_chaos_v1:orbofthe_summoner":1,"born_in_chaos_v1:ethereal_spirit":1,"minecraft:poisonous_potato":3,"minecraft:gravel":26,"minecraft:spruce_sapling":109,"minecraft:spruce_log":645,"minecraft:dark_oak_log":4,"minecraft:spider_eye":1,"illagerinvasion:illusionary_dust":1,"minecraft:spruce_door":1,"minecraft:mossy_cobblestone":19,"minecraft:bundle":2,"minecraft:pumpkin_seeds":6,"minecraft:spruce_boat":1,"simplyswords:gold_halberd":1,"minecraft:stone_axe":1,"quark:red_shard":17,"minecraft:emerald":6,"minecraft:bread":1,"iceandfire:silver_nugget":16,"minecraft:coal":66,"iceandfire:raw_silver":1,"minecraft:flower_pot":1},"minecraft:mined":{"undead_revamp2:arapholia":1,"minecraft:dark_oak_planks":14,"luminousworld:groundpebbles_1":4,"iceandfire:graveyard_soil":1,"minecraft:farmland":17,"iceandfire:silver_ore":1,"minecraft:mossy_cobblestone":22,"minecraft:red_stained_glass":5,"minecraft:cobblestone_stairs":1,"minecraft:dark_oak_log":1,"minecraft:potted_crimson_fungus":1,"luminousworld:mossbuds_1":19,"minecraft:spruce_trapdoor":11,"luminousworld:mossbuds_2":18,"minecraft:grass_block":1152,"minecraft:white_stained_glass":11,"luminousworld:grassvariant_2":1,"luminousworld:decorative_brown_mushroom_1":1,"minecraft:spruce_leaves":30,"minecraft:composter":1,"minecraft:spawner":4,"minecraft:weeping_vines_plant":2,"minecraft:large_fern":22,"minecraft:hay_block":2,"minecraft:spruce_sapling":29,"minecraft:glowstone":1,"minecraft:furnace":1,"minecraft:fire":8,"minecraft:pumpkin":8,"luminousworld:mossbuds_3":12,"minecraft:azure_bluet":1,"minecraft:dark_oak_stairs":39,"minecraft:lantern":1,"iceandfire:gold_pile":5,"minecraft:vine":1,"minecraft:dirt_path":12,"luminousworld:groundpebbles_2":1,"ae2:sky_stone_block":1,"minecraft:stone":382,"luminousworld:decorative_brown_2":1,"minecraft:green_bed":5,"minecraft:jungle_trapdoor":5,"minecraft:podzol":10,"luminousworld:blueberrybush":1,"minecraft:spruce_door":1,"minecraft:smooth_sandstone":10,"minecraft:crafting_table":2,"minecraft:torch":1,"minecraft:poppy":1,"luminousworld:spuds":8,"minecraft:tall_grass":1,"minecraft:copper_ore":1,"minecraft:cobblestone":178,"minecraft:wall_torch":2,"minecraft:chain":13,"minecraft:dark_oak_slab":23,"minecraft:cobblestone_wall":5,"minecraft:wheat":14,"minecraft:sweet_berry_bush":18,"minecraft:spruce_log":200,"minecraft:pumpkin_stem":4,"minecraft:purple_concrete":5,"minecraft:grass":16,"minecraft:coal_ore":47,"iceandfire:silver_pile":3,"minecraft:gravel":17,"quark:spruce_chest":2,"minecraft:dirt":925,"luminousworld:grassvariant_3":2,"minecraft:oak_leaves":1,"minecraft:fern":21},"minecraft:dropped":{"minecraft:brown_mushroom":3,"minecraft:dark_oak_stairs":2,"minecraft:wheat_seeds":30,"minecraft:baked_potato":9,"minecraft:mossy_cobblestone":1,"luminousworld:spuds":11,"minecraft:poisonous_potato":3,"minecraft:cobblestone":299,"minecraft:purple_dye":4,"minecraft:coal":21,"friendsandfoes:totem_of_illusion":1,"minecraft:emerald":6,"minecraft:dirt":119,"born_in_chaos_v1:great_reaper_axe":1,"minecraft:torch":1,"minecraft:chain":1,"minecraft:gold_nugget":8,"minecraft:iron_axe":1,"minecraft:dark_oak_planks":12,"minecraft:bucket":1,"luminousworld:decorative_brown_2":1,"minecraft:spruce_sapling":6,"minecraft:bone":3,"minecraft:gravel":26,"minecraft:furnace":3,"minecraft:stone_axe":1,"minecraft:sweet_berries":18,"minecraft:goat_horn":1,"minecraft:stone_sword":1,"minecraft:raw_copper":16,"minecraft:rotten_flesh":1,"minecraft:fern":1,"quark:white_shard":29,"minecraft:pumpkin_seeds":8,"minecraft:poppy":1,"minecraft:leather_chestplate":1,"minecraft:cobblestone_slab":12,"minecraft:trident":1,"minecraft:spruce_trapdoor":11,"minecraft:spruce_planks":56,"comforts:sleeping_bag_white":2,"minecraft:spruce_log":76,"minecraft:arrow":3,"minecraft:stone_pickaxe":13,"simplyswords:gold_halberd":1},"minecraft:killed_by":{"minecraft:pillager":3,"born_in_chaos_v1:bone_imp_minion":1,"minecraft:drowned":2,"born_in_chaos_v1:supreme_bonescaller_not_despawn":1,"born_in_chaos_v1:bonescaller_not_despawn":1,"minecraft:vex":5},"minecraft:used":{"minecraft:stone_sword":142,"minecraft:trident":71,"minecraft:spruce_planks":14,"minecraft:shield":109,"vanillaplustools:stone_hammer":116,"minecraft:rotten_flesh":1,"minecraft:stone_hoe":216,"minecraft:iron_chestplate":1,"minecraft:torch":13,"minecraft:dirt":899,"minecraft:carrot":23,"minecraft:spruce_boat":1,"born_in_chaos_v1:corpse_maggot":2,"minecraft:dark_oak_planks":2,"born_in_chaos_v1:smoked_flesh":3,"minecraft:lava_bucket":15,"quark:spruce_chest":10,"friendsandfoes:totem_of_illusion":1,"minecraft:iron_axe":377,"minecraft:smooth_sandstone":9,"minecraft:iron_boots":1,"minecraft:dark_oak_slab":2,"minecraft:bow":8,"minecraft:sweet_berries":52,"minecraft:furnace":3,"minecraft:goat_horn":9,"tombstone:gift":5,"undead_revamp2:arapholia":1,"minecraft:potato":74,"minecraft:water_bucket":23,"minecraft:spruce_door":1,"minecraft:baked_potato":7,"minecraft:composter":1,"minecraft:green_bed":5,"minecraft:crafting_table":9,"vanillaplustools:stone_shovel":379,"minecraft:crossbow":3,"minecraft:smoker":1,"minecraft:spruce_log":24,"minecraft:dark_oak_log":4,"minecraft:iron_pickaxe":135,"minecraft:bread":32,"tombstone:grave_key":3,"minecraft:stone_axe":70,"minecraft:diamond_sword":13,"minecraft:cobblestone":35,"quark:dark_oak_chest":3,"minecraft:bucket":37,"minecraft:pumpkin_pie":1,"alexsmobs:animal_dictionary":1,"minecraft:bone_meal":33},"minecraft:custom":{"lootr:looted_stat":32,"minecraft:mob_kills":42,"minecraft:interact_with_crafting_table":43,"minecraft:open_barrel":5,"minecraft:bell_ring":5,"minecraft:damage_dealt_resisted":1491,"minecraft:leave_game":4,"minecraft:time_since_death":9753,"minecraft:climb_one_cm":1796,"minecraft:sprint_one_cm":599376,"minecraft:walk_one_cm":1315439,"minecraft:damage_blocked_by_shield":4950,"minecraft:drop":84,"minecraft:damage_dealt_absorbed":80,"minecraft:talked_to_villager":6,"minecraft:play_time":307908,"minecraft:sneak_time":12167,"minecraft:deaths":16,"minecraft:walk_under_water_one_cm":36426,"minecraft:boat_one_cm":23001,"minecraft:interact_with_brewingstand":2,"minecraft:jump":2634,"minecraft:walk_on_water_one_cm":46004,"minecraft:total_world_time":307908,"minecraft:interact_with_furnace":3,"tombstone:raider_killed":4,"minecraft:sleep_in_bed":16,"minecraft:time_since_rest":9054,"minecraft:waystone_activated":2,"tombstone:sneak_grave":1,"minecraft:damage_taken":7637,"minecraft:trigger_trapped_chest":1,"minecraft:damage_dealt":9989,"minecraft:swim_one_cm":41805,"minecraft:fly_one_cm":405427,"minecraft:open_chest":58,"minecraft:crouch_one_cm":26082,"tombstone:undead_killed":24,"minecraft:interact_with_smoker":8,"minecraft:fall_one_cm":64101},"minecraft:crafted":{"minecraft:stone_shovel":29,"minecraft:cobblestone_slab":2,"vanillaplustools:stone_hammer":1,"comforts:sleeping_bag_white":2,"minecraft:furnace":3,"minecraft:bone_meal":11,"quark:dark_oak_chest":3,"minecraft:iron_axe":3,"minecraft:stone_pickaxe":13,"minecraft:chest":1,"minecraft:spruce_boat":1,"vanillaplustools:stone_shovel":3,"quark:spruce_chest":10,"minecraft:dark_oak_planks":17,"minecraft:stone_hoe":2,"minecraft:smoker":1,"minecraft:wheat":2,"sophisticatedbackpacks:backpack":1,"iceandfire:silver_ingot":1,"minecraft:crafting_table":7,"minecraft:spruce_planks":89,"minecraft:baked_potato":19,"minecraft:stone_axe":2,"minecraft:bread":29,"minecraft:air":392,"minecraft:shield":3,"minecraft:stick":12,"minecraft:iron_pickaxe":1,"minecraft:gold_ingot":4,"minecraft:torch":8},"minecraft:killed":{"minecraft:vex":3,"minecraft:cave_spider":1,"naturalist:rattlesnake":1,"born_in_chaos_v1:restless_spirit":1,"minecraft:spider":1,"born_in_chaos_v1:zombie_bruiser":1,"born_in_chaos_v1:baby_skeleton_minion":3,"minecraft:skeleton":2,"minecraft:drowned":1,"minecraft:illusioner":1,"born_in_chaos_v1:bone_imp_minion":7,"undead_revamp2:the_moonflower":1,"minecraft:pillager":3,"minecraft:zombie":4,"iceandfire:ghost":1,"alexsmobs:terrapin":1,"born_in_chaos_v1:bonescaller_not_despawn":1,"minecraft:stray":2,"enemyexpansion:huntsman":1}},"DataVersion":3465}