{"stats":{"minecraft:crafted":{"sophisticatedbackpacks:backpack":1,"minecraft:crafting_table":1,"minecraft:spruce_planks":2,"minecraft:bread":29,"minecraft:air":58,"minecraft:shield":1,"minecraft:iron_pickaxe":1,"minecraft:chest":1,"minecraft:dark_oak_planks":12,"minecraft:wheat":2},"minecraft:mined":{"iceandfire:graveyard_soil":1,"minecraft:mossy_cobblestone":1,"minecraft:smooth_sandstone":7,"minecraft:crafting_table":1,"minecraft:poppy":1,"luminousworld:grassvariant_2":1,"minecraft:tall_grass":1,"minecraft:cobblestone":15,"minecraft:wall_torch":1,"minecraft:hay_block":2,"minecraft:dark_oak_slab":1,"minecraft:purple_concrete":5,"minecraft:azure_bluet":1,"minecraft:grass":10,"minecraft:vine":1,"luminousworld:grassvariant_3":2,"ae2:sky_stone_block":1,"minecraft:green_bed":2},"minecraft:custom":{"lootr:looted_stat":23,"minecraft:mob_kills":5,"tombstone:raider_killed":4,"minecraft:interact_with_crafting_table":7,"minecraft:damage_dealt_resisted":30,"minecraft:leave_game":1,"minecraft:time_since_death":2201,"minecraft:sleep_in_bed":2,"minecraft:climb_one_cm":1796,"minecraft:time_since_rest":1,"minecraft:waystone_activated":1,"minecraft:sprint_one_cm":200510,"minecraft:damage_taken":1716,"minecraft:walk_one_cm":227667,"minecraft:damage_blocked_by_shield":1150,"minecraft:trigger_trapped_chest":1,"minecraft:drop":7,"minecraft:damage_dealt":2447,"minecraft:swim_one_cm":9374,"minecraft:fly_one_cm":157462,"minecraft:crouch_one_cm":1662,"minecraft:play_time":65352,"tombstone:undead_killed":1,"minecraft:deaths":4,"minecraft:sneak_time":596,"minecraft:walk_under_water_one_cm":8443,"minecraft:jump":739,"minecraft:interact_with_brewingstand":1,"minecraft:walk_on_water_one_cm":8532,"minecraft:total_world_time":65352,"minecraft:fall_one_cm":12342},"minecraft:used":{"minecraft:stone_sword":53,"minecraft:spruce_planks":2,"minecraft:shield":31,"minecraft:green_bed":1,"minecraft:iron_chestplate":1,"minecraft:crafting_table":1,"minecraft:carrot":20,"minecraft:crossbow":3,"minecraft:dark_oak_planks":2,"minecraft:bread":7,"minecraft:iron_pickaxe":30,"minecraft:dark_oak_slab":2,"minecraft:iron_boots":1,"tombstone:gift":2,"alexsmobs:animal_dictionary":1},"minecraft:picked_up":{"minecraft:crafting_table":1,"illagerinvasion:platinum_chunk":3,"friendsandfoes:totem_of_illusion":1,"minecraft:smooth_sandstone":7,"minecraft:bone":3,"minecraft:wheat_seeds":1,"minecraft:poppy":1,"minecraft:purple_concrete":5,"minecraft:stick":2,"minecraft:dark_oak_slab":2,"minecraft:torch":1,"minecraft:green_bed":2,"minecraft:spruce_sapling":1,"illagerinvasion:illusionary_dust":1,"minecraft:mossy_cobblestone":1,"ae2:sky_stone_block":1,"minecraft:stone_sword":1,"simplyswords:gold_halberd":1,"minecraft:hay_block":2,"minecraft:emerald":4,"minecraft:cobblestone":15},"minecraft:killed":{"minecraft:pillager":3,"iceandfire:ghost":1,"minecraft:illusioner":1},"minecraft:dropped":{"minecraft:wheat_seeds":1,"minecraft:stone_sword":1,"minecraft:purple_dye":4,"simplyswords:gold_halberd":1,"minecraft:bone":3},"minecraft:killed_by":{"minecraft:pillager":3,"minecraft:drowned":1}},"DataVersion":3465}