{"stats":{"minecraft:crafted":{"sophisticatedbackpacks:backpack":1,"minecraft:shield":1,"minecraft:crafting_table":1,"minecraft:spruce_planks":2,"minecraft:iron_pickaxe":1,"minecraft:chest":1,"minecraft:dark_oak_planks":12,"minecraft:bread":29,"minecraft:air":58,"minecraft:wheat":2},"minecraft:mined":{"minecraft:hay_block":2,"iceandfire:graveyard_soil":1,"minecraft:dark_oak_slab":1,"minecraft:purple_concrete":5,"minecraft:crafting_table":1,"minecraft:azure_bluet":1,"minecraft:grass":10,"minecraft:vine":1,"luminousworld:grassvariant_2":1,"luminousworld:grassvariant_3":2,"minecraft:tall_grass":1,"ae2:sky_stone_block":1,"minecraft:green_bed":2},"minecraft:custom":{"minecraft:time_since_rest":29104,"minecraft:waystone_activated":1,"minecraft:sprint_one_cm":152627,"lootr:looted_stat":19,"minecraft:damage_taken":1500,"minecraft:walk_one_cm":187789,"minecraft:trigger_trapped_chest":1,"minecraft:damage_blocked_by_shield":670,"minecraft:mob_kills":5,"minecraft:drop":7,"tombstone:raider_killed":4,"minecraft:damage_dealt":2403,"minecraft:swim_one_cm":9374,"minecraft:interact_with_crafting_table":6,"minecraft:fly_one_cm":131609,"minecraft:crouch_one_cm":656,"minecraft:play_time":53374,"tombstone:undead_killed":1,"minecraft:deaths":3,"minecraft:sneak_time":411,"minecraft:walk_under_water_one_cm":7333,"minecraft:interact_with_brewingstand":1,"minecraft:jump":590,"minecraft:walk_on_water_one_cm":6695,"minecraft:time_since_death":43983,"minecraft:sleep_in_bed":2,"minecraft:climb_one_cm":1796,"minecraft:total_world_time":53374,"minecraft:fall_one_cm":8735},"minecraft:used":{"minecraft:stone_sword":51,"minecraft:bread":5,"minecraft:iron_pickaxe":6,"minecraft:spruce_planks":2,"minecraft:shield":25,"minecraft:dark_oak_slab":2,"minecraft:iron_boots":1,"minecraft:green_bed":1,"minecraft:iron_chestplate":1,"minecraft:crafting_table":1,"minecraft:carrot":20,"minecraft:crossbow":3,"tombstone:gift":2,"alexsmobs:animal_dictionary":1},"minecraft:picked_up":{"minecraft:crafting_table":1,"minecraft:dark_oak_slab":2,"illagerinvasion:platinum_chunk":3,"friendsandfoes:totem_of_illusion":1,"minecraft:green_bed":2,"illagerinvasion:illusionary_dust":1,"ae2:sky_stone_block":1,"minecraft:stone_sword":1,"minecraft:bone":3,"simplyswords:gold_halberd":1,"minecraft:wheat_seeds":1,"minecraft:hay_block":2,"minecraft:emerald":4,"minecraft:purple_concrete":5},"minecraft:killed":{"minecraft:pillager":3,"iceandfire:ghost":1,"minecraft:illusioner":1},"minecraft:dropped":{"minecraft:wheat_seeds":1,"minecraft:stone_sword":1,"minecraft:purple_dye":4,"simplyswords:gold_halberd":1,"minecraft:bone":3},"minecraft:killed_by":{"minecraft:pillager":3}},"DataVersion":3465}