{"stats":{"minecraft:used":{"minecraft:dirt":2},"minecraft:mined":{"minecraft:dark_oak_planks":2,"luminousworld:groundpebbles_1":2,"luminousworld:spuds":3,"minecraft:dirt":5,"minecraft:spruce_leaves":14,"minecraft:spruce_log":2,"luminousworld:mossbuds_1":1,"luminousworld:groundpebbles_3":2,"minecraft:grass_block":1},"minecraft:custom":{"minecraft:time_since_rest":1226,"minecraft:crouch_one_cm":906,"lootr:looted_stat":1,"minecraft:sprint_one_cm":9405,"minecraft:play_time":8549,"minecraft:deaths":2,"minecraft:damage_taken":570,"minecraft:walk_one_cm":20858,"minecraft:sneak_time":464,"minecraft:jump":102,"minecraft:damage_dealt":93,"minecraft:leave_game":2,"minecraft:time_since_death":1759,"minecraft:total_world_time":8549,"minecraft:climb_one_cm":572,"minecraft:fall_one_cm":3343,"minecraft:fly_one_cm":6750},"minecraft:picked_up":{"minecraft:dark_oak_planks":2,"luminousworld:groundpebbles_1":2,"luminousworld:spuds":3,"minecraft:spruce_sapling":1,"minecraft:spruce_log":2,"minecraft:dirt":6},"minecraft:killed_by":{"born_in_chaos_v1:scarlet_persecutor":2}},"DataVersion":3465}