{"stats":{"minecraft:mined":{"minecraft:dark_oak_planks":2,"minecraft:spruce_log":2,"minecraft:spruce_leaves":12},"minecraft:custom":{"minecraft:jump":56,"minecraft:time_since_rest":3908,"minecraft:damage_dealt":83,"minecraft:damage_taken":200,"minecraft:leave_game":1,"minecraft:crouch_one_cm":672,"minecraft:play_time":3908,"minecraft:sprint_one_cm":5495,"minecraft:time_since_death":3908,"minecraft:walk_one_cm":11088,"minecraft:climb_one_cm":572,"minecraft:sneak_time":266,"minecraft:total_world_time":3908,"minecraft:fall_one_cm":1660,"minecraft:fly_one_cm":3969,"lootr:looted_stat":1},"minecraft:picked_up":{"minecraft:spruce_sapling":1,"minecraft:spruce_log":2,"minecraft:dark_oak_planks":2}},"DataVersion":3465}