{"stats":{"minecraft:custom":{"minecraft:jump":60,"minecraft:time_since_rest":139,"minecraft:leave_game":1,"minecraft:deaths":1,"minecraft:damage_dealt":70,"minecraft:crouch_one_cm":402,"minecraft:sprint_one_cm":11209,"minecraft:play_time":1937,"minecraft:damage_taken":250,"minecraft:time_since_death":0,"minecraft:walk_one_cm":7111,"minecraft:sneak_time":114,"minecraft:total_world_time":1937,"minecraft:mob_kills":2,"minecraft:fall_one_cm":4932,"minecraft:fly_one_cm":15196},"minecraft:killed_by":{"minecraft:creeper":1},"minecraft:mined":{"minecraft:grass":29,"minecraft:grass_block":1},"minecraft:used":{"minecraft:dirt":1},"minecraft:killed":{"minecraft:chicken":1},"minecraft:picked_up":{"minecraft:chicken":1,"minecraft:wheat_seeds":3,"minecraft:dirt":1}},"DataVersion":3465}