{"stats":{"minecraft:picked_up":{"minecraft:spruce_sapling":1},"minecraft:custom":{"minecraft:jump":23,"minecraft:time_since_rest":1183,"minecraft:leave_game":1,"minecraft:damage_dealt":31,"minecraft:crouch_one_cm":131,"minecraft:sprint_one_cm":1874,"minecraft:play_time":1183,"minecraft:damage_taken":150,"minecraft:time_since_death":1183,"minecraft:walk_one_cm":2714,"minecraft:sneak_time":66,"minecraft:total_world_time":1183,"minecraft:fall_one_cm":209,"minecraft:fly_one_cm":1021},"minecraft:mined":{"minecraft:spruce_leaves":4}},"DataVersion":3465}