{"stats":{"minecraft:crafted":{"sophisticatedbackpacks:backpack":1,"minecraft:spruce_planks":8,"quark:spruce_chest":1},"minecraft:mined":{"minecraft:purple_wool":1,"luminousworld:mossbuds_1":1,"minecraft:grass":3,"minecraft:spruce_fence":1,"luminousworld:grassvariant_2":2,"minecraft:cobweb":9,"minecraft:sugar_cane":1,"minecraft:oak_leaves":2,"minecraft:green_bed":2},"minecraft:custom":{"minecraft:time_since_rest":29104,"minecraft:waystone_activated":1,"minecraft:walk_one_cm":190046,"lootr:looted_stat":16,"minecraft:sprint_one_cm":214154,"minecraft:damage_taken":1226,"minecraft:mob_kills":9,"minecraft:drop":8,"tombstone:raider_killed":6,"minecraft:damage_dealt":2347,"minecraft:swim_one_cm":2340,"minecraft:interact_with_crafting_table":7,"minecraft:fly_one_cm":97152,"minecraft:crouch_one_cm":814,"minecraft:play_time":53276,"tombstone:undead_killed":1,"minecraft:deaths":2,"minecraft:sneak_time":501,"minecraft:walk_under_water_one_cm":6206,"minecraft:interact_with_brewingstand":1,"minecraft:jump":609,"minecraft:interact_with_blast_furnace":1,"minecraft:time_since_death":44107,"minecraft:walk_on_water_one_cm":6617,"minecraft:sleep_in_bed":2,"minecraft:climb_one_cm":1577,"minecraft:total_world_time":53276,"minecraft:fall_one_cm":10792},"minecraft:used":{"minecraft:bread":4,"minecraft:iron_sword":55,"minecraft:green_bed":1,"minecraft:bow":1,"minecraft:sweet_berries":6,"minecraft:carrot":13,"minecraft:potato":24},"minecraft:picked_up":{"luminousworld:groundpebbles_1":2,"minecraft:purple_wool":1,"minecraft:feather":1,"illagerinvasion:platinum_chunk":2,"minecraft:green_bed":2,"minecraft:spruce_fence":1,"supplementaries:flax_seeds":18,"minecraft:string":7,"minecraft:rotten_flesh":5,"simplyswords:gold_halberd":1,"minecraft:emerald":6,"tombstone:magic_scroll":1,"hangglider:hang_glider":2,"minecraft:sugar_cane":1},"minecraft:killed":{"minecraft:pillager":6,"alexsmobs:hummingbird":1,"undead_revamp2:thehunter":1,"naturalist:bluejay":1},"minecraft:dropped":{"supplementaries:flax_seeds":18,"illagerinvasion:platinum_chunk":1,"hangglider:hang_glider":2,"luminousworld:groundpebbles_1":1,"simplyswords:gold_halberd":1},"minecraft:killed_by":{"minecraft:pillager":2}},"DataVersion":3465}