{"stats":{"minecraft:broken":{"minecraft:iron_shovel":1},"minecraft:mined":{"iceandfire:silver_ore":3,"iceandfire:podium_dark_oak":1,"luminousworld:mossbuds_1":3,"minecraft:grass_block":148,"minecraft:spruce_fence":1,"luminousworld:spuds":2,"minecraft:white_stained_glass":10,"iceandfire:lectern":1,"luminousworld:grassvariant_2":2,"minecraft:spruce_leaves":7,"minecraft:sugar_cane":1,"minecraft:purple_bed":1,"minecraft:large_fern":3,"minecraft:purple_wool":1,"minecraft:spruce_sapling":3,"minecraft:sweet_berry_bush":16,"minecraft:spruce_log":80,"luminousworld:mossbuds_3":3,"minecraft:dark_oak_stairs":6,"minecraft:grass":3,"minecraft:dirt_path":15,"quark:spruce_chest":1,"minecraft:dirt":85,"minecraft:cobweb":9,"minecraft:stone":38,"minecraft:oak_leaves":2,"minecraft:green_bed":2,"minecraft:fern":2},"minecraft:picked_up":{"luminousworld:decorative_brown_2":2,"luminousworld:groundpebbles_1":2,"minecraft:leather_chestplate":1,"illagerinvasion:platinum_chunk":2,"minecraft:feather":1,"minecraft:purple_wool":1,"minecraft:chainmail_boots":1,"minecraft:lead":1,"minecraft:turtle_helmet":1,"minecraft:brown_mushroom":1,"minecraft:chain":6,"supplementaries:flax_seeds":18,"minecraft:shield":1,"minecraft:dirt":389,"minecraft:string":7,"minecraft:lantern":2,"tombstone:gift":1,"minecraft:raw_copper":5,"minecraft:wheat_seeds":3,"quark:spruce_chest":1,"minecraft:stone_pickaxe":1,"minecraft:cobblestone_slab":12,"minecraft:iron_nugget":6,"hangglider:hang_glider":3,"minecraft:sugar_cane":1,"minecraft:iron_sword":1,"minecraft:dark_oak_stairs":40,"minecraft:dark_oak_slab":9,"minecraft:stick":7,"luminousworld:spuds":3,"quark:white_shard":37,"minecraft:sweet_berries":34,"minecraft:torch":2,"minecraft:green_bed":2,"minecraft:spruce_fence":1,"minecraft:spruce_sapling":13,"minecraft:spruce_log":132,"iceandfire:podium_dark_oak":1,"minecraft:mossy_cobblestone":1,"minecraft:purple_bed":1,"minecraft:rotten_flesh":5,"simplyswords:gold_halberd":1,"iceandfire:lectern":1,"minecraft:emerald":12,"tombstone:magic_scroll":1,"iceandfire:raw_silver":3,"minecraft:cobblestone":77},"minecraft:dropped":{"hangglider:hang_glider":3,"minecraft:cobblestone":10,"minecraft:rotten_flesh":5,"minecraft:dirt":1,"supplementaries:flax_seeds":18,"illagerinvasion:platinum_chunk":1,"supplementaries:cartographers_quill":1,"luminousworld:groundpebbles_1":1,"simplyswords:gold_halberd":1},"minecraft:killed_by":{"minecraft:pillager":2,"iceandfire:ghost":1,"minecraft:drowned":4},"minecraft:used":{"minecraft:iron_shovel":254,"simplyswords:gold_halberd":37,"minecraft:iron_sword":55,"minecraft:green_bed":2,"minecraft:cooked_salmon":4,"minecraft:dirt":38,"minecraft:carrot":13,"minecraft:cod":1,"minecraft:spruce_fence":1,"quark:spruce_chest":3,"minecraft:iron_axe":129,"minecraft:bread":11,"minecraft:iron_pickaxe":50,"minecraft:cobblestone":26,"minecraft:bow":1,"minecraft:sweet_berries":6,"tombstone:gift":3,"minecraft:pumpkin_pie":1,"minecraft:potato":24},"minecraft:custom":{"spartanshields:shield_bash_hits":1,"minecraft:interact_with_furnace":7,"lootr:looted_stat":19,"minecraft:mob_kills":12,"tombstone:raider_killed":6,"minecraft:interact_with_crafting_table":24,"minecraft:damage_dealt_resisted":315,"minecraft:leave_game":2,"minecraft:time_since_death":47630,"minecraft:sleep_in_bed":8,"minecraft:climb_one_cm":1577,"minecraft:time_since_rest":11971,"minecraft:waystone_activated":1,"minecraft:sprint_one_cm":465608,"minecraft:damage_taken":3328,"minecraft:walk_one_cm":599841,"minecraft:drop":22,"minecraft:damage_dealt":3165,"minecraft:swim_one_cm":26100,"minecraft:talked_to_villager":1,"minecraft:fly_one_cm":168648,"minecraft:open_chest":8,"minecraft:crouch_one_cm":1889,"minecraft:play_time":145754,"tombstone:undead_killed":2,"minecraft:deaths":8,"minecraft:sneak_time":1652,"minecraft:walk_under_water_one_cm":10421,"minecraft:interact_with_brewingstand":1,"minecraft:jump":1445,"minecraft:interact_with_blast_furnace":1,"minecraft:walk_on_water_one_cm":34211,"minecraft:total_world_time":145754,"minecraft:fall_one_cm":27103},"minecraft:crafted":{"sophisticatedbackpacks:backpack":1,"minecraft:spruce_planks":522,"minecraft:iron_sword":1,"minecraft:cooked_salmon":5,"minecraft:air":0,"minecraft:iron_axe":1,"minecraft:iron_hoe":1,"minecraft:iron_pickaxe":1,"minecraft:iron_shovel":1,"quark:spruce_chest":3,"minecraft:dark_oak_planks":32},"minecraft:killed":{"alexsmobs:hummingbird":1,"undead_revamp2:thehunter":1,"naturalist:bluejay":1,"minecraft:pillager":6,"minecraft:drowned":1}},"DataVersion":3465}