{"stats":{"minecraft:mined":{"luminousworld:mossbuds_1":1,"minecraft:spruce_fence":1,"luminousworld:grassvariant_2":2,"minecraft:spruce_leaves":7,"minecraft:sugar_cane":1,"minecraft:large_fern":2,"minecraft:purple_wool":1,"minecraft:spruce_sapling":3,"minecraft:sweet_berry_bush":7,"minecraft:spruce_log":34,"minecraft:grass":3,"minecraft:cobweb":9,"minecraft:stone":38,"minecraft:oak_leaves":2,"minecraft:green_bed":2},"minecraft:crafted":{"sophisticatedbackpacks:backpack":1,"minecraft:spruce_planks":8,"minecraft:iron_sword":1,"minecraft:cooked_salmon":1,"minecraft:air":0,"minecraft:iron_axe":1,"minecraft:iron_hoe":1,"minecraft:iron_pickaxe":1,"minecraft:iron_shovel":1,"quark:spruce_chest":1},"minecraft:custom":{"spartanshields:shield_bash_hits":1,"lootr:looted_stat":19,"minecraft:interact_with_furnace":4,"minecraft:mob_kills":12,"tombstone:raider_killed":6,"minecraft:interact_with_crafting_table":14,"minecraft:damage_dealt_resisted":315,"minecraft:leave_game":1,"minecraft:time_since_death":1720,"minecraft:sleep_in_bed":5,"minecraft:climb_one_cm":1577,"minecraft:time_since_rest":1128,"minecraft:waystone_activated":1,"minecraft:sprint_one_cm":378316,"minecraft:damage_taken":3067,"minecraft:walk_one_cm":365733,"minecraft:drop":10,"minecraft:damage_dealt":3025,"minecraft:swim_one_cm":23648,"minecraft:talked_to_villager":1,"minecraft:fly_one_cm":148487,"minecraft:crouch_one_cm":1360,"minecraft:play_time":99844,"tombstone:undead_killed":2,"minecraft:deaths":8,"minecraft:sneak_time":1205,"minecraft:walk_under_water_one_cm":8616,"minecraft:jump":1078,"minecraft:interact_with_brewingstand":1,"minecraft:interact_with_blast_furnace":1,"minecraft:walk_on_water_one_cm":30504,"minecraft:total_world_time":99844,"minecraft:fall_one_cm":17729},"minecraft:used":{"simplyswords:gold_halberd":31,"minecraft:iron_sword":55,"minecraft:green_bed":1,"minecraft:carrot":13,"minecraft:cod":1,"minecraft:spruce_fence":1,"minecraft:iron_axe":63,"minecraft:bread":11,"minecraft:iron_pickaxe":38,"minecraft:cobblestone":24,"minecraft:bow":1,"minecraft:sweet_berries":6,"tombstone:gift":3,"minecraft:pumpkin_pie":1,"minecraft:potato":24},"minecraft:picked_up":{"luminousworld:groundpebbles_1":2,"illagerinvasion:platinum_chunk":2,"minecraft:feather":1,"minecraft:purple_wool":1,"minecraft:chainmail_boots":1,"minecraft:turtle_helmet":1,"supplementaries:flax_seeds":18,"minecraft:shield":1,"minecraft:string":7,"tombstone:gift":1,"minecraft:iron_nugget":6,"hangglider:hang_glider":2,"minecraft:sugar_cane":1,"minecraft:iron_sword":1,"minecraft:stick":7,"minecraft:sweet_berries":17,"minecraft:green_bed":2,"minecraft:spruce_fence":1,"minecraft:spruce_sapling":11,"minecraft:spruce_log":71,"minecraft:rotten_flesh":5,"simplyswords:gold_halberd":1,"minecraft:emerald":12,"tombstone:magic_scroll":1,"minecraft:cobblestone":36},"minecraft:killed":{"alexsmobs:hummingbird":1,"undead_revamp2:thehunter":1,"naturalist:bluejay":1,"minecraft:pillager":6,"minecraft:drowned":1},"minecraft:dropped":{"hangglider:hang_glider":2,"minecraft:rotten_flesh":5,"supplementaries:flax_seeds":18,"supplementaries:cartographers_quill":1,"illagerinvasion:platinum_chunk":1,"luminousworld:groundpebbles_1":1,"simplyswords:gold_halberd":1},"minecraft:killed_by":{"minecraft:pillager":2,"iceandfire:ghost":1,"minecraft:drowned":4}},"DataVersion":3465}