{"stats":{"minecraft:mined":{"iceandfire:graveyard_soil":7,"minecraft:spruce_planks":9,"supplementaries:raked_gravel":1,"minecraft:farmland":2,"iceandfire:copper_pile":3,"iceandfire:podium_dark_oak":1,"sophisticatedbackpacks:gold_backpack":4,"minecraft:red_nether_bricks":2,"minecraft:grass_block":395,"minecraft:yellow_carpet":2,"iceandfire:lectern":1,"minecraft:spawner":2,"minecraft:weeping_vines_plant":1,"minecraft:magma_block":1,"minecraft:raw_iron_block":1,"minecraft:dark_oak_trapdoor":1,"minecraft:red_nether_brick_stairs":1,"minecraft:fire":31,"minecraft:dark_oak_stairs":6,"iceandfire:gold_pile":74,"minecraft:dirt_path":16,"minecraft:oak_stairs":1,"minecraft:player_head":5,"minecraft:green_bed":5,"minecraft:red_bed":1,"minecraft:white_stained_glass_pane":1,"luminousworld:spuds":4,"minecraft:cobblestone":3,"minecraft:sugar_cane":1,"minecraft:oak_planks":1,"minecraft:skeleton_skull":1,"minecraft:dark_oak_slab":7,"minecraft:lapis_block":1,"minecraft:yellow_wool":3,"minecraft:wheat":7,"born_in_chaos_v1:river_mint":1,"minecraft:smooth_stone_slab":3,"minecraft:grass":32,"minecraft:dirt":431,"luminousworld:grassvariant_3":2,"minecraft:netherrack":117,"minecraft:oak_leaves":2,"minecraft:emerald_block":1,"iceandfire:chared_stone":2,"minecraft:dark_prismarine":2,"minecraft:red_carpet":1,"iceandfire:silver_ore":3,"luminousworld:grassvariant_4":2,"minecraft:dark_oak_log":6,"luminousworld:mossbuds_1":10,"minecraft:ladder":1,"luminousworld:mossbuds_2":5,"minecraft:spruce_fence":3,"minecraft:white_stained_glass":10,"luminousworld:grassvariant_2":3,"minecraft:spruce_leaves":40,"minecraft:large_fern":9,"minecraft:hay_block":68,"minecraft:waxed_oxidized_cut_copper":3,"minecraft:spruce_sapling":7,"minecraft:furnace":2,"minecraft:raw_gold_block":1,"luminousworld:mossbuds_3":7,"minecraft:bookshelf":6,"minecraft:deepslate_iron_ore":9,"minecraft:stripped_oak_log":1,"luminousworld:groundpebbles_2":1,"minecraft:stone":145,"sophisticatedbackpacks:backpack":1,"minecraft:bone_block":9,"minecraft:white_wool":7,"minecraft:podzol":12,"minecraft:redstone_block":1,"luminousworld:blueberrybush":1,"minecraft:brown_stained_glass_pane":1,"ecologics:thin_ice":6,"minecraft:tall_grass":25,"minecraft:copper_ore":5,"minecraft:spruce_stairs":1,"minecraft:purple_wool":1,"minecraft:black_stained_glass":2,"minecraft:purple_bed":1,"minecraft:coarse_dirt":1,"minecraft:sweet_berry_bush":17,"minecraft:ice":2,"minecraft:spruce_log":150,"iceandfire:silver_pile":8,"quark:spruce_chest":1,"minecraft:gravel":8,"minecraft:cobweb":20,"minecraft:stone_bricks":1,"minecraft:fern":3},"minecraft:dropped":{"iceandfire:chared_stone":1,"minecraft:lantern":1,"minecraft:saddle":1,"minecraft:dirt":58,"artifacts:charm_of_sinking":1,"minecraft:gold_nugget":8,"iceandfire:ash":1,"enemyexpansion:horsehead_helmet":1,"minecraft:pink_terracotta":3,"hangglider:hang_glider":4,"born_in_chaos_v1:ethereal_spirit":3,"tombstone:gift":1,"minecraft:rotten_flesh":12,"minecraft:oak_planks":3,"supplementaries:flax_seeds":18,"born_in_chaos_v1:charmof_stealth":1,"minecraft:turtle_helmet":1,"supplementaries:cartographers_quill":1,"minecraft:stone_brick_wall":1,"minecraft:acacia_sapling":2,"minecraft:netherrack":13,"simplyswords:gold_halberd":1,"minecraft:bread":38,"minecraft:wheat_seeds":32,"minecraft:tnt":2,"minecraft:cobblestone":34,"minecraft:spruce_stairs":1,"minecraft:diamond_horse_armor":1,"illagerinvasion:platinum_chunk":1,"born_in_chaos_v1:great_reaper_axe":2,"minecraft:cooked_salmon":1,"tombstone:grave_dust":1,"minecraft:paper":34,"simplyswords:diamond_greataxe":1,"minecraft:coarse_dirt":2,"minecraft:bowl":2,"minecraft:white_terracotta":2,"minecraft:pumpkin_seeds":20,"minecraft:filled_map":1,"minecraft:spruce_boat":1,"minecraft:shield":2,"aether:iron_gloves":1,"minecraft:spruce_planks":1,"luminousworld:groundpebbles_1":1,"simplyswords:emberblade":2,"minecraft:stone_bricks":1,"born_in_chaos_v1:charmof_resistance":1,"minecraft:spruce_log":20,"immersive_armors:robe_leggings":1,"minecraft:dark_prismarine":1},"minecraft:custom":{"lootr:looted_stat":177,"minecraft:interact_with_crafting_table":125,"minecraft:open_barrel":22,"minecraft:leave_game":5,"minecraft:time_since_death":68152,"minecraft:sprint_one_cm":1496837,"minecraft:damage_blocked_by_shield":1440,"minecraft:drop":153,"minecraft:talked_to_villager":6,"minecraft:play_time":910846,"minecraft:deaths":30,"minecraft:jump":5537,"minecraft:interact_with_brewingstand":1,"minecraft:walk_on_water_one_cm":141157,"minecraft:interact_with_furnace":47,"minecraft:interact_with_loom":2,"minecraft:sleep_in_bed":35,"minecraft:waystone_activated":6,"minecraft:damage_dealt":42387,"minecraft:crouch_one_cm":8698,"tombstone:undead_killed":105,"minecraft:interact_with_smoker":40,"minecraft:mob_kills":223,"minecraft:interact_with_anvil":2,"minecraft:damage_dealt_resisted":3497,"minecraft:climb_one_cm":13227,"minecraft:walk_one_cm":3771372,"minecraft:sneak_time":6745,"minecraft:walk_under_water_one_cm":108822,"minecraft:boat_one_cm":408623,"minecraft:interact_with_lectern":1,"minecraft:interact_with_blast_furnace":13,"minecraft:total_world_time":910846,"spartanshields:shield_bash_hits":3,"tombstone:raider_killed":28,"minecraft:interact_with_grindstone":1,"minecraft:time_since_rest":31356,"minecraft:damage_taken":21077,"minecraft:swim_one_cm":63505,"minecraft:fly_one_cm":505994,"minecraft:open_chest":379,"minecraft:fall_one_cm":122121},"minecraft:picked_up":{"born_in_chaos_v1:charmof_stealth":2,"minecraft:birch_door":1,"minecraft:wheat":64,"illagerinvasion:platinum_chunk":14,"minecraft:redstone_block":1,"minecraft:chainmail_boots":1,"minecraft:flower_pot":1,"minecraft:yellow_wool":3,"minecraft:lead":1,"aether:iron_gloves":1,"minecraft:enchanted_book":1,"minecraft:lapis_block":1,"minecraft:string":11,"minecraft:dark_oak_trapdoor":1,"minecraft:raw_copper":5,"iceandfire:sea_serpent_scales_teal":2,"minecraft:cooked_salmon":1,"minecraft:smooth_stone_slab":3,"minecraft:red_nether_bricks":2,"iceandfire:sea_serpent_scales_bronze":1,"minecraft:gold_nugget":672,"minecraft:bucket":1,"comforts:sleeping_bag_white":11,"minecraft:spruce_planks":7,"minecraft:calcite":6,"minecraft:cobblestone_slab":12,"quark:black_shard":6,"hangglider:hang_glider":3,"minecraft:furnace":2,"ecologics:crab_claw":1,"minecraft:stick":25,"born_in_chaos_v1:shattered_skull":1,"minecraft:oak_fence":2,"simplyswords:diamond_greataxe":1,"minecraft:torch":3,"minecraft:green_bed":6,"minecraft:spruce_stairs":7,"minecraft:porkchop":2,"minecraft:diorite":1,"tombstone:grave_dust":11,"minecraft:pink_terracotta":3,"minecraft:goat_horn":1,"luminousworld:grassflowers":1,"minecraft:rotten_flesh":149,"immersive_armors:robe_leggings":1,"iceandfire:fire_dragon_heart":1,"simplyswords:emberblade":2,"minecraft:white_terracotta":3,"supplementaries:ash":12,"undead_revamp2:arapholia":1,"minecraft:cobblestone":228,"minecraft:leather_chestplate":3,"minecraft:feather":2,"born_in_chaos_v1:spiritual_dust":2,"minecraft:golden_leggings":1,"minecraft:potato":32,"supplementaries:flax_seeds":18,"minecraft:dirt":828,"minecraft:lantern":7,"minecraft:bone":16,"minecraft:bow":2,"minecraft:wheat_seeds":119,"born_in_chaos_v1:great_reaper_axe":2,"minecraft:oak_planks":6,"minecraft:poisonous_potato":3,"iceandfire:podium_dark_oak":1,"minecraft:dark_oak_log":1,"minecraft:mossy_cobblestone":1,"luminousworld:amethyst_disc":1,"minecraft:dark_prismarine":2,"minecraft:bundle":1,"immersive_armors:warrior_helmet":1,"minecraft:yellow_carpet":2,"born_in_chaos_v1:fire_dust":2,"minecraft:spruce_boat":2,"iceandfire:lectern":2,"tombstone:tablet_of_recall":1,"minecraft:chainmail_helmet":1,"minecraft:emerald":27,"minecraft:bread":17,"minecraft:netherrack":77,"iceandfire:silver_nugget":26,"iceandfire:raw_silver":3,"minecraft:ladder":1,"sophisticatedbackpacks:gold_backpack":4,"minecraft:waxed_oxidized_cut_copper":3,"luminousworld:groundpebbles_1":4,"minecraft:purple_wool":1,"luminousworld:decorative_brown_2":2,"born_in_chaos_v1:river_mint":1,"born_in_chaos_v1:seedof_chaos":2,"minecraft:turtle_helmet":2,"born_in_chaos_v1:serpumpkinhead_m":1,"minecraft:brown_mushroom":65,"born_in_chaos_v1:charmof_resistance":2,"minecraft:stone_brick_wall":1,"minecraft:chain":9,"minecraft:shield":4,"minecraft:red_bed":1,"minecraft:item_frame":3,"minecraft:cyan_carpet":1,"iceandfire:graveyard_soil":5,"iceandfire:bestiary":1,"quark:spruce_chest":3,"minecraft:beef":3,"minecraft:player_head":5,"minecraft:iron_nugget":10,"minecraft:sugar_cane":1,"minecraft:piston":1,"minecraft:raw_iron":9,"iceandfire:dragonbone":26,"luminousworld:spuds":6,"minecraft:stone":1,"minecraft:raw_gold_block":1,"luminousworld:blue_petunias":1,"ecologics:coconut_slice":8,"minecraft:copper_ingot":6,"minecraft:bowl":2,"sophisticatedbackpacks:backpack":1,"minecraft:spruce_fence":1,"minecraft:trident":2,"born_in_chaos_v1:pieceofdarkmetal":8,"minecraft:dark_oak_planks":7,"iceandfire:dragon_skull_ice":2,"minecraft:tnt":2,"minecraft:arrow":11,"minecraft:weeping_vines":2,"minecraft:hay_block":73,"artifacts:cross_necklace":1,"born_in_chaos_v1:spiny_shell":4,"minecraft:brick_stairs":1,"minecraft:mutton":13,"minecraft:white_wool":10,"minecraft:skeleton_skull":1,"minecraft:bone_block":7,"born_in_chaos_v1:fused_bone":1,"born_in_chaos_v1:corpse_maggot":12,"enemyexpansion:horsehead_helmet":1,"iceandfire:sea_serpent_fang":14,"minecraft:leather":1,"minecraft:oak_log":1,"artifacts:superstitious_hat":1,"iceandfire:ectoplasm":1,"minecraft:gunpowder":1,"tombstone:gift":1,"minecraft:red_carpet":1,"minecraft:red_nether_brick_stairs":1,"born_in_chaos_v1:soul_cutlass":1,"minecraft:stone_bricks":3,"minecraft:iron_ingot":23,"minecraft:stone_pickaxe":1,"born_in_chaos_v1:chipped_black_argillite_brick":1,"tombstone:bag_of_seeds":1,"minecraft:iron_sword":2,"minecraft:dark_oak_stairs":40,"minecraft:book":18,"iceandfire:chared_stone":1,"minecraft:dark_oak_slab":10,"iceandfire:copper_nugget":18,"minecraft:emerald_block":1,"quark:white_shard":37,"minecraft:sweet_berries":54,"iceandfire:sea_serpent_scales_green":12,"iceandfire:ash":4,"born_in_chaos_v1:ethereal_spirit":4,"minecraft:raw_iron_block":1,"minecraft:spruce_sapling":31,"minecraft:spruce_log":261,"minecraft:spider_eye":1,"minecraft:pumpkin_seeds":20,"minecraft:purple_bed":2,"simplyswords:gold_halberd":1,"minecraft:iron_helmet":1,"minecraft:baked_potato":9,"tombstone:magic_scroll":1,"minecraft:melon_seeds":2},"minecraft:killed":{"guardvillagers:guard":1,"alexsmobs:hummingbird":1,"alexsmobs:lobster":1,"minecraft:cave_spider":8,"born_in_chaos_v1:mr_pumpkin":5,"born_in_chaos_v1:zombie_lumberjack":1,"born_in_chaos_v1:sir_the_headless":1,"minecraft:spider":2,"undead_revamp2:thesmoker":1,"born_in_chaos_v1:siamese_skeletonsright":1,"born_in_chaos_v1:baby_skeleton_minion":4,"minecraft:skeleton":11,"minecraft:bee":1,"undead_revamp2:therod":1,"born_in_chaos_v1:supreme_bonescaller_stage_2":1,"born_in_chaos_v1:firelight_not_despawn":2,"minecraft:pig":1,"minecraft:zombie_villager":7,"alexsmobs:seal":1,"undead_revamp2:theheavy":1,"minecraft:creeper":1,"minecraft:sheep":2,"minecraft:pillager":24,"enemyexpansion:meature":1,"minecraft:zombie":15,"minecraft:mooshroom":1,"born_in_chaos_v1:corpse_fly":2,"enemyexpansion:botfly":10,"minecraft:stray":4,"iceandfire:sea_serpent":3,"minecraft:cow":1,"born_in_chaos_v1:siamese_skeletonsleft":1,"luminousworld:frigid_zombie":1,"minecraft:vex":5,"born_in_chaos_v1:missioner":1,"undead_revamp2:thehunter":2,"luminousworld:sand_crab":1,"born_in_chaos_v1:zombie_clown_not_despawn":1,"minecraft:vindicator":3,"alexsmobs:seagull":1,"born_in_chaos_v1:thornshell_crab":1,"enemyexpansion:direwolf":3,"born_in_chaos_v1:zombie_bruiser":1,"born_in_chaos_v1:maggot":18,"born_in_chaos_v1:pumpkinhead":1,"naturalist:coral_snake":1,"minecraft:drowned":5,"minecraft:husk":23,"born_in_chaos_v1:bone_imp_minion":11,"born_in_chaos_v1:baby_skeleton":1,"naturalist:bluejay":1,"naturalist:butterfly":1,"undead_revamp2:the_moonflower":5,"enemyexpansion:sprinter":1,"born_in_chaos_v1:decrepit_skeleton":1,"iceandfire:ghost":1,"born_in_chaos_v1:bonescaller_not_despawn":1,"minecraft:enderman":1,"enemyexpansion:slugger":2},"minecraft:used":{"iceandfire:tide_trident":22,"minecraft:beetroot":6,"stalwart_dungeons:iron_hammer":8,"minecraft:iron_shovel":254,"minecraft:shield":40,"minecraft:iron_sword":173,"minecraft:carrot":35,"born_in_chaos_v1:soul_cutlass":238,"minecraft:spruce_boat":1,"born_in_chaos_v1:smoked_flesh":10,"minecraft:item_frame":1,"minecraft:bow":38,"minecraft:sweet_berries":33,"minecraft:furnace":3,"minecraft:egg":3,"minecraft:potato":107,"simplyswords:gold_halberd":47,"simplyswords:emberblade":94,"minecraft:mushroom_stew":2,"minecraft:blast_furnace":2,"sophisticatedbackpacks:backpack":1,"minecraft:bread":110,"born_in_chaos_v1:smoked_monster_flesh":8,"minecraft:diamond_sword":325,"minecraft:smooth_stone_slab":2,"minecraft:trident":25,"born_in_chaos_v1:great_reaper_axe":5,"minecraft:stone_shovel":113,"vanillaplustools:stone_hammer":27,"minecraft:cooked_salmon":5,"minecraft:stone_hoe":67,"minecraft:dirt":214,"minecraft:spruce_fence":1,"minecraft:iron_hoe":254,"quark:spruce_chest":5,"minecraft:iron_axe":212,"minecraft:brick_stairs":1,"artifacts:everlasting_beef":1,"minecraft:goat_horn":2,"tombstone:gift":7,"comforts:sleeping_bag_white":10,"minecraft:calcite":4,"sophisticatedbackpacks:gold_backpack":4,"minecraft:water_bucket":6,"minecraft:baked_potato":78,"minecraft:green_bed":5,"minecraft:crafting_table":1,"vanillaplustools:stone_shovel":129,"minecraft:cod":3,"minecraft:spruce_log":3,"minecraft:smoker":1,"minecraft:diamond_pickaxe":368,"minecraft:apple":3,"minecraft:iron_pickaxe":68,"tombstone:magic_scroll":1,"minecraft:stone_axe":95,"minecraft:cobblestone":41,"minecraft:bucket":6,"minecraft:pumpkin_pie":5},"minecraft:killed_by":{"iceandfire:cyclops":1,"minecraft:pillager":3,"minecraft:drowned":4,"born_in_chaos_v1:supreme_bonescaller_not_despawn":1,"minecraft:vex":1,"minecraft:husk":2,"minecraft:stray":2,"minecraft:spider":1,"minecraft:skeleton":1,"enemyexpansion:direwolf":1,"iceandfire:ghost":2},"minecraft:broken":{"minecraft:iron_shovel":1,"minecraft:leather_leggings":2,"minecraft:golden_leggings":1,"immersive_armors:bone_chestplate":1,"minecraft:iron_hoe":1,"minecraft:leather_chestplate":1},"minecraft:crafted":{"minecraft:smooth_stone":7,"spartanshields:wooden_tower_shield":1,"minecraft:stone":8,"sophisticatedbackpacks:crafting_upgrade":1,"stalwart_dungeons:iron_hammer":1,"vanillaplustools:stone_shovel":1,"minecraft:stone_hoe":1,"minecraft:smoker":1,"immersive_armors:bone_chestplate":2,"sophisticatedbackpacks:backpack":2,"minecraft:crafting_table":2,"minecraft:spruce_planks":822,"spartanshields:iron_tower_shield":1,"minecraft:baked_potato":97,"sophisticatedbackpacks:upgrade_base":2,"minecraft:stick":36,"minecraft:iron_pickaxe":1,"minecraft:gold_ingot":68,"minecraft:stone_shovel":13,"vanillaplustools:stone_hammer":1,"minecraft:furnace":4,"minecraft:blast_furnace":2,"born_in_chaos_v1:smoked_monster_flesh":8,"minecraft:leather":6,"minecraft:iron_axe":2,"minecraft:iron_hoe":1,"minecraft:stone_pickaxe":9,"quark:spruce_chest":11,"minecraft:dark_oak_planks":32,"minecraft:wheat":63,"sophisticatedbackpacks:iron_backpack":2,"minecraft:cooked_beef":3,"iceandfire:tide_trident":1,"minecraft:iron_sword":2,"minecraft:cooked_salmon":5,"sophisticatedbackpacks:gold_backpack":2,"minecraft:stone_axe":3,"minecraft:bread":55,"minecraft:air":0,"minecraft:iron_shovel":1,"minecraft:iron_leggings":1}},"DataVersion":3465}