{"stats":{"minecraft:mined":{"minecraft:grass":2,"minecraft:purple_wool":1,"luminousworld:grassvariant_2":2},"minecraft:custom":{"minecraft:time_since_rest":2494,"minecraft:deaths":2,"minecraft:damage_taken":891,"minecraft:crouch_one_cm":138,"minecraft:play_time":17276,"lootr:looted_stat":10,"minecraft:sprint_one_cm":140478,"minecraft:walk_one_cm":61531,"minecraft:sneak_time":62,"minecraft:mob_kills":9,"minecraft:drop":1,"minecraft:jump":281,"tombstone:raider_killed":6,"minecraft:damage_dealt":2347,"minecraft:time_since_death":8107,"minecraft:sleep_in_bed":1,"minecraft:total_world_time":17276,"minecraft:climb_one_cm":184,"minecraft:fall_one_cm":2873,"minecraft:fly_one_cm":40301,"tombstone:undead_killed":1},"minecraft:used":{"minecraft:carrot":10,"minecraft:iron_sword":44},"minecraft:picked_up":{"luminousworld:groundpebbles_1":1,"illagerinvasion:platinum_chunk":1,"minecraft:feather":1,"minecraft:purple_wool":1,"minecraft:rotten_flesh":4,"supplementaries:flax_seeds":6,"minecraft:emerald":6,"tombstone:magic_scroll":1},"minecraft:killed":{"alexsmobs:hummingbird":1,"minecraft:pillager":6,"undead_revamp2:thehunter":1,"naturalist:bluejay":1},"minecraft:dropped":{"supplementaries:flax_seeds":6},"minecraft:killed_by":{"minecraft:pillager":2}},"DataVersion":3465}