{"stats":{"minecraft:mined":{"minecraft:grass":1,"minecraft:purple_wool":1,"luminousworld:grassvariant_2":1},"minecraft:custom":{"minecraft:jump":102,"minecraft:time_since_rest":1,"lootr:looted_stat":1,"minecraft:crouch_one_cm":5,"minecraft:damage_dealt":122,"minecraft:sprint_one_cm":42820,"minecraft:play_time":5276,"minecraft:damage_taken":240,"minecraft:time_since_death":123,"minecraft:walk_one_cm":20323,"minecraft:sneak_time":15,"minecraft:climb_one_cm":184,"minecraft:total_world_time":5276,"minecraft:mob_kills":1,"minecraft:fall_one_cm":2412,"minecraft:fly_one_cm":18080,"minecraft:deaths":1},"minecraft:picked_up":{"minecraft:feather":1,"minecraft:purple_wool":1},"minecraft:killed":{"naturalist:bluejay":1},"minecraft:killed_by":{"minecraft:pillager":1}},"DataVersion":3465}