{"stats":{"minecraft:broken":{"minecraft:iron_shovel":1},"minecraft:mined":{"iceandfire:silver_ore":3,"iceandfire:podium_dark_oak":1,"luminousworld:mossbuds_1":6,"minecraft:grass_block":153,"minecraft:spruce_fence":1,"luminousworld:spuds":2,"minecraft:white_stained_glass":10,"iceandfire:lectern":1,"luminousworld:grassvariant_2":2,"minecraft:spruce_leaves":30,"minecraft:sugar_cane":1,"minecraft:purple_bed":1,"minecraft:large_fern":5,"minecraft:purple_wool":1,"minecraft:spruce_sapling":5,"minecraft:sweet_berry_bush":17,"minecraft:spruce_log":94,"luminousworld:mossbuds_3":4,"minecraft:dark_oak_stairs":6,"minecraft:grass":3,"minecraft:dirt_path":15,"quark:spruce_chest":1,"minecraft:dirt":88,"minecraft:cobweb":9,"luminousworld:groundpebbles_2":1,"minecraft:stone":40,"minecraft:oak_leaves":2,"minecraft:green_bed":2,"minecraft:fern":2},"minecraft:picked_up":{"luminousworld:decorative_brown_2":2,"luminousworld:groundpebbles_1":4,"minecraft:leather_chestplate":1,"illagerinvasion:platinum_chunk":2,"minecraft:feather":1,"minecraft:purple_wool":1,"minecraft:chainmail_boots":1,"minecraft:lead":1,"minecraft:turtle_helmet":1,"minecraft:brown_mushroom":1,"minecraft:chain":6,"supplementaries:flax_seeds":18,"minecraft:shield":1,"minecraft:dirt":403,"minecraft:string":7,"minecraft:lantern":2,"tombstone:gift":1,"minecraft:raw_copper":5,"minecraft:wheat_seeds":3,"quark:spruce_chest":1,"minecraft:stone_pickaxe":1,"minecraft:cobblestone_slab":12,"minecraft:iron_nugget":6,"hangglider:hang_glider":3,"minecraft:sugar_cane":1,"minecraft:iron_sword":1,"minecraft:dark_oak_stairs":40,"minecraft:dark_oak_slab":9,"minecraft:stick":16,"luminousworld:spuds":3,"quark:white_shard":37,"minecraft:sweet_berries":34,"minecraft:torch":2,"minecraft:green_bed":2,"minecraft:spruce_fence":1,"minecraft:spruce_sapling":26,"minecraft:spruce_log":177,"iceandfire:podium_dark_oak":1,"minecraft:goat_horn":1,"minecraft:mossy_cobblestone":1,"minecraft:purple_bed":1,"minecraft:rotten_flesh":5,"simplyswords:gold_halberd":1,"iceandfire:lectern":1,"minecraft:emerald":12,"tombstone:magic_scroll":1,"iceandfire:raw_silver":3,"minecraft:cobblestone":79},"minecraft:dropped":{"hangglider:hang_glider":3,"minecraft:cobblestone":10,"minecraft:rotten_flesh":5,"minecraft:dirt":1,"supplementaries:flax_seeds":18,"illagerinvasion:platinum_chunk":1,"supplementaries:cartographers_quill":1,"luminousworld:groundpebbles_1":1,"simplyswords:gold_halberd":1},"minecraft:killed_by":{"minecraft:pillager":2,"iceandfire:ghost":1,"minecraft:drowned":4},"minecraft:used":{"stalwart_dungeons:iron_hammer":3,"minecraft:iron_shovel":254,"simplyswords:gold_halberd":37,"minecraft:stone_shovel":21,"minecraft:iron_sword":55,"vanillaplustools:stone_hammer":2,"minecraft:green_bed":2,"minecraft:cooked_salmon":4,"minecraft:dirt":41,"minecraft:crafting_table":1,"vanillaplustools:stone_shovel":1,"minecraft:carrot":13,"minecraft:cod":3,"minecraft:spruce_fence":1,"quark:spruce_chest":3,"minecraft:iron_axe":173,"minecraft:bread":11,"minecraft:iron_pickaxe":50,"minecraft:cobblestone":26,"minecraft:bow":1,"minecraft:sweet_berries":6,"minecraft:goat_horn":1,"minecraft:furnace":1,"tombstone:gift":3,"minecraft:pumpkin_pie":1,"minecraft:potato":24},"minecraft:custom":{"spartanshields:shield_bash_hits":1,"minecraft:interact_with_furnace":10,"lootr:looted_stat":19,"minecraft:mob_kills":12,"tombstone:raider_killed":6,"minecraft:interact_with_crafting_table":44,"minecraft:damage_dealt_resisted":315,"minecraft:leave_game":2,"minecraft:time_since_death":83630,"minecraft:sleep_in_bed":11,"minecraft:climb_one_cm":1577,"minecraft:time_since_rest":6463,"minecraft:waystone_activated":1,"minecraft:sprint_one_cm":471684,"minecraft:damage_taken":3368,"minecraft:walk_one_cm":778549,"minecraft:drop":22,"minecraft:damage_dealt":3220,"minecraft:swim_one_cm":26100,"minecraft:talked_to_villager":1,"minecraft:fly_one_cm":169334,"minecraft:open_chest":22,"minecraft:crouch_one_cm":2036,"minecraft:play_time":181754,"tombstone:undead_killed":2,"minecraft:deaths":8,"minecraft:sneak_time":1931,"minecraft:walk_under_water_one_cm":11338,"minecraft:interact_with_brewingstand":1,"minecraft:jump":1614,"minecraft:interact_with_blast_furnace":1,"minecraft:walk_on_water_one_cm":35095,"minecraft:total_world_time":181754,"minecraft:fall_one_cm":30352},"minecraft:crafted":{"minecraft:stone_shovel":12,"minecraft:smooth_stone":1,"sophisticatedbackpacks:backpack":1,"vanillaplustools:stone_hammer":1,"minecraft:crafting_table":1,"minecraft:spruce_planks":522,"minecraft:iron_sword":1,"minecraft:furnace":1,"minecraft:cooked_salmon":5,"minecraft:stone":1,"minecraft:stone_axe":1,"minecraft:air":0,"minecraft:iron_axe":1,"minecraft:iron_hoe":1,"minecraft:stick":36,"minecraft:stone_pickaxe":9,"minecraft:iron_pickaxe":1,"minecraft:iron_shovel":1,"stalwart_dungeons:iron_hammer":1,"vanillaplustools:stone_shovel":1,"quark:spruce_chest":3,"minecraft:dark_oak_planks":32},"minecraft:killed":{"alexsmobs:hummingbird":1,"undead_revamp2:thehunter":1,"naturalist:bluejay":1,"minecraft:pillager":6,"minecraft:drowned":1}},"DataVersion":3465}