{"stats":{"minecraft:crafted":{"sophisticatedbackpacks:backpack":1,"minecraft:spruce_planks":8,"minecraft:iron_sword":1,"minecraft:cooked_salmon":5,"minecraft:air":0,"minecraft:iron_axe":1,"minecraft:iron_hoe":1,"minecraft:iron_pickaxe":1,"minecraft:iron_shovel":1,"quark:spruce_chest":1},"minecraft:mined":{"iceandfire:silver_ore":3,"luminousworld:mossbuds_1":1,"minecraft:spruce_fence":1,"luminousworld:grassvariant_2":2,"minecraft:spruce_leaves":7,"minecraft:sugar_cane":1,"minecraft:large_fern":2,"minecraft:purple_wool":1,"minecraft:spruce_sapling":3,"minecraft:sweet_berry_bush":7,"minecraft:spruce_log":34,"minecraft:grass":3,"minecraft:cobweb":9,"minecraft:stone":38,"minecraft:oak_leaves":2,"minecraft:green_bed":2},"minecraft:custom":{"spartanshields:shield_bash_hits":1,"lootr:looted_stat":19,"minecraft:interact_with_furnace":6,"minecraft:mob_kills":12,"tombstone:raider_killed":6,"minecraft:interact_with_crafting_table":17,"minecraft:damage_dealt_resisted":315,"minecraft:leave_game":2,"minecraft:time_since_death":15066,"minecraft:sleep_in_bed":6,"minecraft:climb_one_cm":1577,"minecraft:time_since_rest":1102,"minecraft:waystone_activated":1,"minecraft:sprint_one_cm":408188,"minecraft:damage_taken":3227,"minecraft:walk_one_cm":412486,"minecraft:drop":20,"minecraft:damage_dealt":3025,"minecraft:swim_one_cm":26100,"minecraft:talked_to_villager":1,"minecraft:fly_one_cm":161299,"minecraft:crouch_one_cm":1415,"minecraft:play_time":113190,"tombstone:undead_killed":2,"minecraft:deaths":8,"minecraft:sneak_time":1305,"minecraft:walk_under_water_one_cm":9994,"minecraft:jump":1194,"minecraft:interact_with_brewingstand":1,"minecraft:interact_with_blast_furnace":1,"minecraft:walk_on_water_one_cm":32840,"minecraft:total_world_time":113190,"minecraft:fall_one_cm":20421},"minecraft:used":{"simplyswords:gold_halberd":31,"minecraft:iron_sword":55,"minecraft:green_bed":2,"minecraft:carrot":13,"minecraft:cod":1,"minecraft:spruce_fence":1,"minecraft:iron_axe":63,"minecraft:bread":11,"minecraft:iron_pickaxe":41,"minecraft:cobblestone":26,"minecraft:bow":1,"minecraft:sweet_berries":6,"tombstone:gift":3,"minecraft:pumpkin_pie":1,"minecraft:potato":24},"minecraft:picked_up":{"luminousworld:groundpebbles_1":2,"minecraft:leather_chestplate":1,"illagerinvasion:platinum_chunk":2,"minecraft:feather":1,"minecraft:purple_wool":1,"minecraft:chainmail_boots":1,"minecraft:turtle_helmet":1,"supplementaries:flax_seeds":18,"minecraft:shield":1,"minecraft:dirt":1,"minecraft:string":7,"tombstone:gift":1,"minecraft:raw_copper":5,"minecraft:stone_pickaxe":1,"minecraft:cobblestone_slab":12,"minecraft:iron_nugget":6,"hangglider:hang_glider":2,"minecraft:sugar_cane":1,"minecraft:iron_sword":1,"minecraft:stick":7,"luminousworld:spuds":1,"minecraft:sweet_berries":17,"minecraft:torch":1,"minecraft:green_bed":2,"minecraft:spruce_fence":1,"minecraft:spruce_sapling":12,"minecraft:spruce_log":71,"minecraft:rotten_flesh":5,"simplyswords:gold_halberd":1,"minecraft:emerald":12,"tombstone:magic_scroll":1,"iceandfire:raw_silver":3,"minecraft:cobblestone":66},"minecraft:killed":{"alexsmobs:hummingbird":1,"undead_revamp2:thehunter":1,"naturalist:bluejay":1,"minecraft:pillager":6,"minecraft:drowned":1},"minecraft:dropped":{"hangglider:hang_glider":2,"minecraft:cobblestone":10,"minecraft:rotten_flesh":5,"supplementaries:flax_seeds":18,"supplementaries:cartographers_quill":1,"illagerinvasion:platinum_chunk":1,"luminousworld:groundpebbles_1":1,"simplyswords:gold_halberd":1},"minecraft:killed_by":{"minecraft:pillager":2,"iceandfire:ghost":1,"minecraft:drowned":4}},"DataVersion":3465}