{"stats":{"minecraft:mined":{"minecraft:purple_wool":1,"minecraft:grass":2,"luminousworld:grassvariant_2":2,"minecraft:sugar_cane":1,"minecraft:green_bed":2},"minecraft:custom":{"minecraft:time_since_rest":5104,"minecraft:waystone_activated":1,"minecraft:walk_one_cm":109268,"lootr:looted_stat":11,"minecraft:sprint_one_cm":199739,"minecraft:damage_taken":981,"minecraft:mob_kills":9,"minecraft:drop":7,"tombstone:raider_killed":6,"minecraft:damage_dealt":2347,"minecraft:interact_with_crafting_table":1,"minecraft:fly_one_cm":94273,"minecraft:crouch_one_cm":250,"minecraft:play_time":29276,"tombstone:undead_killed":1,"minecraft:deaths":2,"minecraft:sneak_time":206,"minecraft:walk_under_water_one_cm":1227,"minecraft:jump":449,"minecraft:interact_with_blast_furnace":1,"minecraft:time_since_death":20107,"minecraft:walk_on_water_one_cm":1456,"minecraft:sleep_in_bed":2,"minecraft:climb_one_cm":1577,"minecraft:total_world_time":29276,"minecraft:fall_one_cm":6418},"minecraft:used":{"minecraft:bread":3,"minecraft:iron_sword":44,"minecraft:green_bed":1,"minecraft:carrot":13},"minecraft:picked_up":{"luminousworld:groundpebbles_1":2,"minecraft:purple_wool":1,"minecraft:feather":1,"illagerinvasion:platinum_chunk":2,"minecraft:green_bed":2,"supplementaries:flax_seeds":18,"minecraft:rotten_flesh":5,"minecraft:emerald":6,"tombstone:magic_scroll":1,"hangglider:hang_glider":2},"minecraft:killed":{"minecraft:pillager":6,"alexsmobs:hummingbird":1,"undead_revamp2:thehunter":1,"naturalist:bluejay":1},"minecraft:dropped":{"supplementaries:flax_seeds":18,"illagerinvasion:platinum_chunk":1,"hangglider:hang_glider":2,"luminousworld:groundpebbles_1":1},"minecraft:killed_by":{"minecraft:pillager":2}},"DataVersion":3465}