{"stats":{"minecraft:crafted":{"sophisticatedbackpacks:backpack":1,"minecraft:iron_axe":1,"minecraft:iron_hoe":1,"minecraft:spruce_planks":8,"minecraft:iron_pickaxe":1,"minecraft:iron_sword":1,"minecraft:iron_shovel":1,"quark:spruce_chest":1},"minecraft:mined":{"minecraft:purple_wool":1,"minecraft:spruce_log":13,"luminousworld:mossbuds_1":1,"minecraft:grass":3,"minecraft:spruce_fence":1,"luminousworld:grassvariant_2":2,"minecraft:cobweb":9,"minecraft:spruce_leaves":2,"minecraft:sugar_cane":1,"minecraft:oak_leaves":2,"minecraft:green_bed":2},"minecraft:custom":{"minecraft:interact_with_furnace":1,"minecraft:time_since_rest":1,"minecraft:waystone_activated":1,"minecraft:walk_one_cm":233628,"lootr:looted_stat":16,"minecraft:sprint_one_cm":272977,"minecraft:damage_taken":1995,"minecraft:mob_kills":9,"minecraft:drop":8,"tombstone:raider_killed":6,"minecraft:damage_dealt":2446,"minecraft:swim_one_cm":2340,"minecraft:interact_with_crafting_table":13,"minecraft:fly_one_cm":115956,"minecraft:crouch_one_cm":1068,"minecraft:play_time":65199,"tombstone:undead_killed":1,"minecraft:deaths":5,"minecraft:sneak_time":624,"minecraft:walk_under_water_one_cm":6449,"minecraft:damage_dealt_resisted":69,"minecraft:interact_with_brewingstand":1,"minecraft:jump":792,"minecraft:interact_with_blast_furnace":1,"minecraft:leave_game":1,"minecraft:time_since_death":1906,"minecraft:walk_on_water_one_cm":9696,"minecraft:sleep_in_bed":2,"minecraft:climb_one_cm":1577,"minecraft:total_world_time":65199,"minecraft:fall_one_cm":11693},"minecraft:used":{"simplyswords:gold_halberd":4,"minecraft:iron_axe":15,"minecraft:bread":6,"minecraft:iron_sword":55,"minecraft:green_bed":1,"minecraft:bow":1,"minecraft:sweet_berries":6,"minecraft:carrot":13,"minecraft:potato":24,"minecraft:spruce_fence":1},"minecraft:picked_up":{"luminousworld:groundpebbles_1":2,"minecraft:purple_wool":1,"minecraft:feather":1,"illagerinvasion:platinum_chunk":2,"minecraft:green_bed":2,"minecraft:spruce_fence":1,"supplementaries:flax_seeds":18,"minecraft:spruce_log":13,"minecraft:string":7,"minecraft:rotten_flesh":5,"simplyswords:gold_halberd":1,"minecraft:emerald":6,"tombstone:magic_scroll":1,"hangglider:hang_glider":2,"minecraft:sugar_cane":1},"minecraft:killed":{"minecraft:pillager":6,"alexsmobs:hummingbird":1,"undead_revamp2:thehunter":1,"naturalist:bluejay":1},"minecraft:dropped":{"supplementaries:flax_seeds":18,"illagerinvasion:platinum_chunk":1,"hangglider:hang_glider":2,"luminousworld:groundpebbles_1":1,"simplyswords:gold_halberd":1},"minecraft:killed_by":{"minecraft:drowned":3,"minecraft:pillager":2}},"DataVersion":3465}