{"stats":{"minecraft:mined":{"minecraft:spruce_planks":1,"supplementaries:raked_gravel":1,"minecraft:farmland":2,"iceandfire:copper_pile":3,"iceandfire:podium_dark_oak":1,"sophisticatedbackpacks:gold_backpack":1,"minecraft:grass_block":394,"minecraft:yellow_carpet":2,"iceandfire:lectern":1,"minecraft:spawner":2,"minecraft:weeping_vines_plant":1,"minecraft:magma_block":1,"minecraft:raw_iron_block":1,"minecraft:fire":30,"minecraft:dark_oak_stairs":6,"iceandfire:gold_pile":67,"minecraft:dirt_path":16,"minecraft:oak_stairs":1,"minecraft:player_head":5,"minecraft:green_bed":5,"minecraft:white_stained_glass_pane":1,"luminousworld:spuds":4,"minecraft:cobblestone":3,"minecraft:sugar_cane":1,"minecraft:oak_planks":1,"minecraft:skeleton_skull":1,"minecraft:dark_oak_slab":7,"minecraft:lapis_block":1,"minecraft:yellow_wool":3,"minecraft:wheat":7,"minecraft:smooth_stone_slab":3,"minecraft:grass":31,"minecraft:dirt":411,"luminousworld:grassvariant_3":2,"minecraft:netherrack":117,"minecraft:oak_leaves":2,"minecraft:emerald_block":1,"iceandfire:chared_stone":2,"minecraft:dark_prismarine":2,"minecraft:red_carpet":1,"iceandfire:silver_ore":3,"luminousworld:grassvariant_4":2,"minecraft:dark_oak_log":6,"luminousworld:mossbuds_1":9,"luminousworld:mossbuds_2":3,"minecraft:spruce_fence":1,"minecraft:white_stained_glass":10,"luminousworld:grassvariant_2":3,"minecraft:spruce_leaves":40,"minecraft:large_fern":7,"minecraft:hay_block":68,"minecraft:spruce_sapling":7,"minecraft:furnace":2,"minecraft:raw_gold_block":1,"luminousworld:mossbuds_3":7,"minecraft:bookshelf":6,"minecraft:deepslate_iron_ore":2,"luminousworld:groundpebbles_2":1,"minecraft:stone":145,"sophisticatedbackpacks:backpack":1,"minecraft:bone_block":9,"minecraft:white_wool":7,"minecraft:podzol":12,"minecraft:redstone_block":1,"minecraft:brown_stained_glass_pane":1,"minecraft:tall_grass":25,"minecraft:copper_ore":5,"minecraft:purple_wool":1,"minecraft:black_stained_glass":2,"minecraft:purple_bed":1,"minecraft:sweet_berry_bush":17,"minecraft:spruce_log":150,"iceandfire:silver_pile":8,"quark:spruce_chest":1,"minecraft:gravel":8,"minecraft:cobweb":20,"minecraft:stone_bricks":1,"minecraft:fern":2},"minecraft:dropped":{"iceandfire:chared_stone":1,"minecraft:dirt":58,"minecraft:gold_nugget":8,"iceandfire:ash":1,"enemyexpansion:horsehead_helmet":1,"hangglider:hang_glider":4,"born_in_chaos_v1:ethereal_spirit":3,"tombstone:gift":1,"minecraft:rotten_flesh":12,"minecraft:oak_planks":3,"supplementaries:flax_seeds":18,"born_in_chaos_v1:charmof_stealth":1,"supplementaries:cartographers_quill":1,"minecraft:acacia_sapling":2,"minecraft:netherrack":13,"simplyswords:gold_halberd":1,"minecraft:bread":38,"minecraft:wheat_seeds":32,"minecraft:cobblestone":34,"illagerinvasion:platinum_chunk":1,"born_in_chaos_v1:great_reaper_axe":2,"minecraft:cooked_salmon":1,"minecraft:paper":34,"minecraft:coarse_dirt":2,"minecraft:bowl":2,"minecraft:pumpkin_seeds":20,"minecraft:filled_map":1,"minecraft:spruce_boat":1,"minecraft:shield":1,"aether:iron_gloves":1,"minecraft:spruce_planks":1,"luminousworld:groundpebbles_1":1,"born_in_chaos_v1:charmof_resistance":1,"minecraft:spruce_log":20,"minecraft:dark_prismarine":1},"minecraft:custom":{"lootr:looted_stat":83,"minecraft:interact_with_crafting_table":123,"minecraft:open_barrel":20,"minecraft:leave_game":5,"minecraft:time_since_death":55706,"minecraft:sprint_one_cm":1277629,"minecraft:damage_blocked_by_shield":1440,"minecraft:drop":132,"minecraft:talked_to_villager":3,"minecraft:play_time":724846,"minecraft:deaths":28,"minecraft:jump":4571,"minecraft:interact_with_brewingstand":1,"minecraft:walk_on_water_one_cm":108197,"minecraft:interact_with_furnace":47,"minecraft:interact_with_loom":2,"minecraft:sleep_in_bed":27,"minecraft:waystone_activated":5,"minecraft:damage_dealt":34363,"minecraft:crouch_one_cm":7024,"tombstone:undead_killed":89,"minecraft:interact_with_smoker":40,"minecraft:mob_kills":176,"minecraft:interact_with_anvil":2,"minecraft:damage_dealt_resisted":2407,"minecraft:climb_one_cm":10408,"minecraft:walk_one_cm":3080493,"minecraft:sneak_time":5161,"minecraft:walk_under_water_one_cm":59691,"minecraft:boat_one_cm":89005,"minecraft:interact_with_lectern":1,"minecraft:interact_with_blast_furnace":12,"minecraft:total_world_time":724846,"spartanshields:shield_bash_hits":3,"tombstone:raider_killed":21,"minecraft:interact_with_grindstone":1,"minecraft:time_since_rest":4306,"minecraft:damage_taken":17540,"minecraft:swim_one_cm":54000,"minecraft:fly_one_cm":412184,"minecraft:open_chest":345,"minecraft:fall_one_cm":92126},"minecraft:picked_up":{"born_in_chaos_v1:charmof_stealth":2,"minecraft:birch_door":1,"minecraft:wheat":33,"illagerinvasion:platinum_chunk":10,"minecraft:redstone_block":1,"minecraft:chainmail_boots":1,"minecraft:flower_pot":1,"minecraft:yellow_wool":3,"minecraft:lead":1,"aether:iron_gloves":1,"minecraft:enchanted_book":1,"minecraft:lapis_block":1,"minecraft:string":11,"minecraft:raw_copper":5,"minecraft:cooked_salmon":1,"minecraft:smooth_stone_slab":3,"minecraft:gold_nugget":594,"comforts:sleeping_bag_white":4,"minecraft:spruce_planks":1,"minecraft:calcite":6,"minecraft:cobblestone_slab":12,"quark:black_shard":6,"hangglider:hang_glider":3,"minecraft:furnace":2,"ecologics:crab_claw":1,"minecraft:stick":24,"born_in_chaos_v1:shattered_skull":1,"minecraft:torch":3,"minecraft:green_bed":6,"minecraft:spruce_stairs":3,"minecraft:porkchop":2,"minecraft:diorite":1,"tombstone:grave_dust":10,"minecraft:goat_horn":1,"luminousworld:grassflowers":1,"minecraft:rotten_flesh":130,"supplementaries:ash":12,"undead_revamp2:arapholia":1,"minecraft:cobblestone":228,"minecraft:leather_chestplate":2,"minecraft:feather":1,"born_in_chaos_v1:spiritual_dust":2,"minecraft:golden_leggings":1,"minecraft:potato":32,"supplementaries:flax_seeds":18,"minecraft:dirt":818,"minecraft:lantern":2,"minecraft:bone":10,"minecraft:bow":2,"minecraft:wheat_seeds":66,"born_in_chaos_v1:great_reaper_axe":2,"minecraft:oak_planks":3,"minecraft:poisonous_potato":2,"iceandfire:podium_dark_oak":1,"minecraft:dark_oak_log":1,"minecraft:mossy_cobblestone":1,"minecraft:dark_prismarine":2,"minecraft:bundle":1,"immersive_armors:warrior_helmet":1,"minecraft:yellow_carpet":2,"minecraft:spruce_boat":2,"iceandfire:lectern":2,"minecraft:emerald":20,"minecraft:bread":17,"minecraft:netherrack":77,"iceandfire:silver_nugget":26,"iceandfire:raw_silver":3,"sophisticatedbackpacks:gold_backpack":1,"luminousworld:groundpebbles_1":4,"minecraft:purple_wool":1,"luminousworld:decorative_brown_2":2,"born_in_chaos_v1:seedof_chaos":2,"minecraft:turtle_helmet":1,"born_in_chaos_v1:serpumpkinhead_m":1,"minecraft:brown_mushroom":1,"born_in_chaos_v1:charmof_resistance":2,"minecraft:chain":9,"minecraft:shield":3,"minecraft:item_frame":3,"minecraft:cyan_carpet":1,"iceandfire:bestiary":1,"quark:spruce_chest":3,"minecraft:beef":3,"minecraft:player_head":5,"minecraft:iron_nugget":6,"minecraft:sugar_cane":1,"minecraft:piston":1,"minecraft:raw_iron":2,"luminousworld:spuds":6,"minecraft:stone":1,"minecraft:raw_gold_block":1,"luminousworld:blue_petunias":1,"ecologics:coconut_slice":8,"minecraft:copper_ingot":6,"minecraft:bowl":2,"sophisticatedbackpacks:backpack":1,"minecraft:spruce_fence":1,"minecraft:trident":1,"born_in_chaos_v1:pieceofdarkmetal":8,"minecraft:dark_oak_planks":7,"minecraft:arrow":9,"minecraft:weeping_vines":2,"minecraft:hay_block":73,"born_in_chaos_v1:spiny_shell":4,"minecraft:mutton":4,"minecraft:white_wool":7,"minecraft:skeleton_skull":1,"minecraft:bone_block":7,"born_in_chaos_v1:fused_bone":1,"born_in_chaos_v1:corpse_maggot":10,"enemyexpansion:horsehead_helmet":1,"iceandfire:ectoplasm":1,"minecraft:gunpowder":1,"tombstone:gift":1,"minecraft:red_carpet":1,"born_in_chaos_v1:soul_cutlass":1,"minecraft:stone_bricks":1,"minecraft:iron_ingot":20,"minecraft:stone_pickaxe":1,"minecraft:iron_sword":1,"minecraft:dark_oak_stairs":40,"minecraft:book":18,"iceandfire:chared_stone":1,"minecraft:dark_oak_slab":10,"iceandfire:copper_nugget":18,"minecraft:emerald_block":1,"quark:white_shard":37,"minecraft:sweet_berries":54,"iceandfire:ash":4,"born_in_chaos_v1:ethereal_spirit":4,"minecraft:raw_iron_block":1,"minecraft:spruce_sapling":31,"minecraft:spruce_log":258,"minecraft:spider_eye":1,"minecraft:pumpkin_seeds":20,"minecraft:purple_bed":2,"simplyswords:gold_halberd":1,"minecraft:iron_helmet":1,"minecraft:baked_potato":9,"tombstone:magic_scroll":1,"minecraft:melon_seeds":2},"minecraft:killed":{"alexsmobs:hummingbird":1,"minecraft:cave_spider":8,"born_in_chaos_v1:mr_pumpkin":5,"born_in_chaos_v1:sir_the_headless":1,"minecraft:spider":2,"undead_revamp2:thesmoker":1,"born_in_chaos_v1:siamese_skeletonsright":1,"born_in_chaos_v1:baby_skeleton_minion":4,"minecraft:skeleton":6,"minecraft:bee":1,"born_in_chaos_v1:supreme_bonescaller_stage_2":1,"minecraft:pig":1,"minecraft:zombie_villager":7,"undead_revamp2:theheavy":1,"minecraft:creeper":1,"minecraft:pillager":19,"minecraft:zombie":11,"born_in_chaos_v1:corpse_fly":2,"enemyexpansion:botfly":3,"minecraft:stray":4,"minecraft:cow":1,"born_in_chaos_v1:siamese_skeletonsleft":1,"minecraft:vex":5,"born_in_chaos_v1:missioner":1,"undead_revamp2:thehunter":2,"minecraft:vindicator":2,"born_in_chaos_v1:thornshell_crab":1,"enemyexpansion:direwolf":3,"born_in_chaos_v1:zombie_bruiser":1,"born_in_chaos_v1:maggot":14,"born_in_chaos_v1:pumpkinhead":1,"naturalist:coral_snake":1,"minecraft:drowned":4,"minecraft:husk":23,"born_in_chaos_v1:bone_imp_minion":11,"naturalist:bluejay":1,"naturalist:butterfly":1,"undead_revamp2:the_moonflower":5,"enemyexpansion:sprinter":1,"born_in_chaos_v1:decrepit_skeleton":1,"iceandfire:ghost":1,"born_in_chaos_v1:bonescaller_not_despawn":1,"enemyexpansion:slugger":2},"minecraft:used":{"minecraft:beetroot":6,"stalwart_dungeons:iron_hammer":8,"minecraft:iron_shovel":254,"minecraft:shield":40,"minecraft:iron_sword":173,"minecraft:carrot":35,"born_in_chaos_v1:soul_cutlass":214,"minecraft:spruce_boat":1,"born_in_chaos_v1:smoked_flesh":8,"minecraft:item_frame":1,"minecraft:bow":38,"minecraft:sweet_berries":33,"minecraft:furnace":3,"minecraft:egg":3,"minecraft:potato":107,"simplyswords:gold_halberd":47,"minecraft:mushroom_stew":2,"minecraft:blast_furnace":2,"sophisticatedbackpacks:backpack":1,"minecraft:bread":54,"born_in_chaos_v1:smoked_monster_flesh":8,"minecraft:diamond_sword":321,"minecraft:smooth_stone_slab":2,"minecraft:trident":24,"born_in_chaos_v1:great_reaper_axe":5,"minecraft:stone_shovel":85,"vanillaplustools:stone_hammer":27,"minecraft:cooked_salmon":5,"minecraft:stone_hoe":67,"minecraft:dirt":182,"minecraft:spruce_fence":1,"minecraft:iron_hoe":254,"quark:spruce_chest":5,"minecraft:iron_axe":198,"minecraft:goat_horn":2,"tombstone:gift":7,"comforts:sleeping_bag_white":3,"minecraft:calcite":4,"sophisticatedbackpacks:gold_backpack":2,"minecraft:water_bucket":6,"minecraft:baked_potato":78,"minecraft:green_bed":5,"minecraft:crafting_table":1,"vanillaplustools:stone_shovel":129,"minecraft:cod":3,"minecraft:spruce_log":3,"minecraft:smoker":1,"minecraft:diamond_pickaxe":338,"minecraft:apple":3,"minecraft:iron_pickaxe":68,"tombstone:magic_scroll":1,"minecraft:stone_axe":95,"minecraft:cobblestone":41,"minecraft:bucket":5,"minecraft:pumpkin_pie":5},"minecraft:killed_by":{"iceandfire:cyclops":1,"minecraft:pillager":3,"minecraft:drowned":4,"born_in_chaos_v1:supreme_bonescaller_not_despawn":1,"minecraft:vex":1,"minecraft:husk":2,"minecraft:stray":2,"minecraft:spider":1,"minecraft:skeleton":1,"enemyexpansion:direwolf":1,"iceandfire:ghost":2},"minecraft:broken":{"minecraft:iron_shovel":1,"minecraft:leather_leggings":1,"minecraft:golden_leggings":1,"immersive_armors:bone_chestplate":1,"minecraft:iron_hoe":1,"minecraft:leather_chestplate":1},"minecraft:crafted":{"minecraft:smooth_stone":7,"minecraft:stone":8,"sophisticatedbackpacks:crafting_upgrade":1,"stalwart_dungeons:iron_hammer":1,"vanillaplustools:stone_shovel":1,"minecraft:stone_hoe":1,"minecraft:smoker":1,"immersive_armors:bone_chestplate":2,"sophisticatedbackpacks:backpack":2,"minecraft:crafting_table":2,"minecraft:spruce_planks":810,"minecraft:baked_potato":97,"sophisticatedbackpacks:upgrade_base":2,"minecraft:stick":36,"minecraft:iron_pickaxe":1,"minecraft:gold_ingot":24,"minecraft:stone_shovel":13,"vanillaplustools:stone_hammer":1,"minecraft:furnace":4,"minecraft:blast_furnace":2,"born_in_chaos_v1:smoked_monster_flesh":8,"minecraft:leather":6,"minecraft:iron_axe":2,"minecraft:iron_hoe":1,"minecraft:stone_pickaxe":9,"quark:spruce_chest":11,"minecraft:dark_oak_planks":32,"minecraft:wheat":63,"sophisticatedbackpacks:iron_backpack":2,"minecraft:cooked_beef":3,"minecraft:iron_sword":2,"minecraft:cooked_salmon":5,"sophisticatedbackpacks:gold_backpack":2,"minecraft:stone_axe":3,"minecraft:bread":38,"minecraft:air":0,"minecraft:iron_shovel":1}},"DataVersion":3465}