{"stats":{"minecraft:broken":{"minecraft:iron_shovel":1},"minecraft:mined":{"iceandfire:silver_ore":3,"iceandfire:podium_dark_oak":1,"luminousworld:mossbuds_1":6,"luminousworld:mossbuds_2":3,"minecraft:grass_block":393,"minecraft:spruce_fence":1,"luminousworld:spuds":3,"minecraft:white_stained_glass":10,"iceandfire:lectern":1,"luminousworld:grassvariant_2":2,"minecraft:copper_ore":5,"minecraft:spruce_leaves":30,"minecraft:sugar_cane":1,"minecraft:purple_bed":1,"minecraft:large_fern":5,"minecraft:purple_wool":1,"minecraft:spruce_sapling":7,"minecraft:sweet_berry_bush":17,"minecraft:spruce_log":99,"luminousworld:mossbuds_3":6,"minecraft:dark_oak_stairs":6,"minecraft:grass":3,"minecraft:gravel":4,"minecraft:dirt_path":15,"quark:spruce_chest":1,"minecraft:dirt":367,"minecraft:cobweb":9,"luminousworld:groundpebbles_2":1,"minecraft:stone":118,"minecraft:oak_leaves":2,"minecraft:green_bed":2,"minecraft:fern":2},"minecraft:picked_up":{"luminousworld:decorative_brown_2":2,"luminousworld:groundpebbles_1":4,"minecraft:leather_chestplate":1,"illagerinvasion:platinum_chunk":2,"minecraft:feather":1,"minecraft:purple_wool":1,"minecraft:chainmail_boots":1,"minecraft:lead":1,"minecraft:turtle_helmet":1,"minecraft:brown_mushroom":1,"minecraft:chain":6,"supplementaries:flax_seeds":18,"minecraft:shield":1,"minecraft:dirt":764,"minecraft:string":7,"minecraft:lantern":2,"tombstone:gift":1,"minecraft:raw_copper":5,"minecraft:wheat_seeds":4,"quark:spruce_chest":1,"minecraft:stone_pickaxe":1,"minecraft:cobblestone_slab":12,"minecraft:iron_nugget":6,"hangglider:hang_glider":3,"minecraft:sugar_cane":1,"minecraft:iron_sword":1,"minecraft:dark_oak_stairs":40,"minecraft:dark_oak_slab":9,"minecraft:stick":20,"luminousworld:spuds":6,"quark:white_shard":37,"minecraft:sweet_berries":34,"minecraft:torch":2,"minecraft:green_bed":2,"minecraft:spruce_fence":1,"minecraft:spruce_sapling":27,"minecraft:spruce_log":185,"iceandfire:podium_dark_oak":1,"minecraft:goat_horn":1,"minecraft:mossy_cobblestone":1,"minecraft:purple_bed":1,"minecraft:rotten_flesh":5,"simplyswords:gold_halberd":1,"iceandfire:lectern":1,"minecraft:emerald":12,"tombstone:magic_scroll":1,"iceandfire:raw_silver":3,"minecraft:cobblestone":194},"minecraft:dropped":{"hangglider:hang_glider":3,"minecraft:cobblestone":10,"minecraft:rotten_flesh":5,"minecraft:dirt":1,"supplementaries:flax_seeds":18,"illagerinvasion:platinum_chunk":1,"supplementaries:cartographers_quill":1,"luminousworld:groundpebbles_1":1,"simplyswords:gold_halberd":1},"minecraft:killed_by":{"minecraft:pillager":2,"iceandfire:ghost":1,"minecraft:drowned":4},"minecraft:used":{"stalwart_dungeons:iron_hammer":3,"minecraft:iron_shovel":254,"simplyswords:gold_halberd":44,"minecraft:stone_shovel":46,"minecraft:iron_sword":55,"vanillaplustools:stone_hammer":27,"minecraft:green_bed":2,"minecraft:cooked_salmon":4,"minecraft:dirt":87,"minecraft:crafting_table":1,"vanillaplustools:stone_shovel":129,"minecraft:carrot":13,"minecraft:cod":3,"minecraft:spruce_fence":1,"quark:spruce_chest":3,"minecraft:iron_axe":178,"minecraft:bread":11,"minecraft:iron_pickaxe":50,"minecraft:cobblestone":26,"minecraft:bow":1,"minecraft:sweet_berries":6,"minecraft:goat_horn":1,"minecraft:furnace":1,"tombstone:gift":3,"minecraft:pumpkin_pie":1,"minecraft:potato":24},"minecraft:custom":{"spartanshields:shield_bash_hits":1,"minecraft:interact_with_furnace":10,"lootr:looted_stat":19,"minecraft:mob_kills":13,"tombstone:raider_killed":6,"minecraft:interact_with_crafting_table":46,"minecraft:damage_dealt_resisted":315,"minecraft:leave_game":2,"minecraft:time_since_death":95630,"minecraft:sleep_in_bed":11,"minecraft:climb_one_cm":1577,"minecraft:time_since_rest":18463,"minecraft:waystone_activated":1,"minecraft:sprint_one_cm":471684,"minecraft:damage_taken":3477,"minecraft:walk_one_cm":854500,"minecraft:drop":22,"minecraft:damage_dealt":3470,"minecraft:swim_one_cm":26100,"minecraft:talked_to_villager":1,"minecraft:fly_one_cm":169527,"minecraft:open_chest":22,"minecraft:crouch_one_cm":2044,"minecraft:play_time":193754,"tombstone:undead_killed":2,"minecraft:deaths":8,"minecraft:sneak_time":1989,"minecraft:walk_under_water_one_cm":12994,"minecraft:interact_with_brewingstand":1,"minecraft:jump":1661,"minecraft:interact_with_blast_furnace":1,"minecraft:walk_on_water_one_cm":36352,"minecraft:total_world_time":193754,"minecraft:fall_one_cm":30830},"minecraft:crafted":{"minecraft:stone_shovel":12,"minecraft:smooth_stone":1,"sophisticatedbackpacks:backpack":1,"vanillaplustools:stone_hammer":1,"minecraft:crafting_table":1,"minecraft:spruce_planks":522,"minecraft:iron_sword":1,"minecraft:furnace":1,"minecraft:cooked_salmon":5,"minecraft:stone":1,"minecraft:stone_axe":2,"minecraft:air":0,"minecraft:iron_axe":1,"minecraft:iron_hoe":1,"minecraft:stick":36,"minecraft:stone_pickaxe":9,"minecraft:iron_pickaxe":1,"minecraft:iron_shovel":1,"stalwart_dungeons:iron_hammer":1,"vanillaplustools:stone_shovel":1,"quark:spruce_chest":3,"minecraft:dark_oak_planks":32},"minecraft:killed":{"alexsmobs:hummingbird":1,"undead_revamp2:thehunter":1,"naturalist:bluejay":1,"born_in_chaos_v1:thornshell_crab":1,"minecraft:pillager":6,"minecraft:drowned":1}},"DataVersion":3465}