{"stats":{"minecraft:broken":{"minecraft:iron_shovel":1,"minecraft:leather_leggings":1,"minecraft:iron_hoe":1},"minecraft:mined":{"minecraft:red_carpet":1,"minecraft:farmland":2,"supplementaries:raked_gravel":1,"iceandfire:silver_ore":3,"iceandfire:podium_dark_oak":1,"luminousworld:mossbuds_1":9,"luminousworld:mossbuds_2":3,"minecraft:grass_block":394,"minecraft:spruce_fence":1,"minecraft:white_stained_glass":10,"iceandfire:lectern":1,"luminousworld:grassvariant_2":2,"minecraft:spruce_leaves":40,"minecraft:spawner":2,"minecraft:large_fern":7,"minecraft:weeping_vines_plant":1,"minecraft:spruce_sapling":7,"luminousworld:mossbuds_3":7,"minecraft:dark_oak_stairs":6,"minecraft:dirt_path":15,"luminousworld:groundpebbles_2":1,"minecraft:stone":121,"minecraft:green_bed":2,"minecraft:podzol":12,"luminousworld:spuds":4,"minecraft:cobblestone":2,"minecraft:copper_ore":5,"minecraft:sugar_cane":1,"minecraft:purple_wool":1,"minecraft:purple_bed":1,"minecraft:sweet_berry_bush":17,"minecraft:spruce_log":150,"minecraft:grass":3,"quark:spruce_chest":1,"minecraft:gravel":8,"minecraft:dirt":408,"minecraft:cobweb":12,"minecraft:oak_leaves":2,"minecraft:fern":2},"minecraft:picked_up":{"luminousworld:groundpebbles_1":4,"minecraft:chainmail_boots":1,"minecraft:purple_wool":1,"illagerinvasion:platinum_chunk":2,"luminousworld:decorative_brown_2":2,"minecraft:brown_mushroom":1,"minecraft:turtle_helmet":1,"minecraft:lead":1,"minecraft:chain":7,"minecraft:shield":1,"minecraft:string":9,"minecraft:raw_copper":5,"minecraft:cooked_salmon":1,"quark:spruce_chest":1,"comforts:sleeping_bag_white":1,"minecraft:cobblestone_slab":12,"minecraft:iron_nugget":6,"hangglider:hang_glider":3,"minecraft:sugar_cane":1,"minecraft:stick":23,"luminousworld:spuds":6,"minecraft:torch":2,"minecraft:green_bed":2,"minecraft:spruce_fence":1,"tombstone:grave_dust":2,"minecraft:trident":1,"minecraft:goat_horn":1,"minecraft:weeping_vines":2,"minecraft:rotten_flesh":14,"born_in_chaos_v1:spiny_shell":4,"supplementaries:ash":3,"minecraft:cobblestone":202,"minecraft:leather_chestplate":1,"minecraft:feather":1,"supplementaries:flax_seeds":18,"minecraft:dirt":815,"minecraft:lantern":2,"tombstone:gift":1,"minecraft:wheat_seeds":4,"minecraft:stone_pickaxe":1,"minecraft:iron_sword":1,"minecraft:dark_oak_stairs":40,"minecraft:dark_oak_slab":9,"quark:white_shard":37,"minecraft:sweet_berries":53,"minecraft:spruce_sapling":31,"minecraft:spruce_log":233,"iceandfire:podium_dark_oak":1,"minecraft:dark_oak_log":1,"minecraft:mossy_cobblestone":1,"minecraft:purple_bed":1,"iceandfire:lectern":1,"simplyswords:gold_halberd":1,"minecraft:emerald":12,"minecraft:baked_potato":9,"tombstone:magic_scroll":1,"iceandfire:raw_silver":3},"minecraft:dropped":{"minecraft:cobblestone":10,"minecraft:dirt":1,"illagerinvasion:platinum_chunk":1,"minecraft:cooked_salmon":1,"minecraft:paper":34,"hangglider:hang_glider":3,"minecraft:rotten_flesh":5,"supplementaries:flax_seeds":18,"supplementaries:cartographers_quill":1,"luminousworld:groundpebbles_1":1,"simplyswords:gold_halberd":1},"minecraft:killed_by":{"minecraft:stray":1,"minecraft:spider":1,"minecraft:pillager":2,"minecraft:drowned":4,"minecraft:skeleton":1,"iceandfire:ghost":1,"minecraft:vex":1},"minecraft:used":{"minecraft:trident":14,"stalwart_dungeons:iron_hammer":8,"minecraft:iron_shovel":254,"minecraft:stone_shovel":85,"minecraft:shield":6,"minecraft:iron_sword":101,"vanillaplustools:stone_hammer":27,"minecraft:cooked_salmon":5,"minecraft:stone_hoe":67,"minecraft:dirt":182,"minecraft:carrot":13,"minecraft:spruce_fence":1,"minecraft:iron_hoe":254,"born_in_chaos_v1:smoked_flesh":1,"quark:spruce_chest":3,"minecraft:iron_axe":179,"minecraft:bow":1,"minecraft:sweet_berries":10,"minecraft:furnace":1,"minecraft:goat_horn":1,"tombstone:gift":5,"minecraft:potato":24,"minecraft:water_bucket":6,"simplyswords:gold_halberd":47,"minecraft:baked_potato":1,"minecraft:green_bed":2,"minecraft:crafting_table":1,"vanillaplustools:stone_shovel":129,"minecraft:cod":3,"minecraft:bread":16,"minecraft:iron_pickaxe":66,"minecraft:stone_axe":74,"minecraft:cobblestone":29,"minecraft:bucket":5,"minecraft:pumpkin_pie":1},"minecraft:custom":{"lootr:looted_stat":22,"minecraft:mob_kills":37,"minecraft:interact_with_crafting_table":56,"minecraft:damage_dealt_resisted":463,"minecraft:leave_game":2,"minecraft:time_since_death":5644,"minecraft:climb_one_cm":1577,"minecraft:sprint_one_cm":517976,"minecraft:walk_one_cm":1348231,"minecraft:damage_blocked_by_shield":270,"minecraft:drop":24,"minecraft:talked_to_villager":1,"minecraft:play_time":277754,"minecraft:deaths":13,"minecraft:sneak_time":2987,"minecraft:walk_under_water_one_cm":24611,"minecraft:boat_one_cm":19868,"minecraft:jump":2210,"minecraft:interact_with_brewingstand":1,"minecraft:interact_with_blast_furnace":1,"minecraft:walk_on_water_one_cm":53373,"minecraft:total_world_time":277754,"minecraft:interact_with_furnace":12,"spartanshields:shield_bash_hits":1,"tombstone:raider_killed":6,"minecraft:sleep_in_bed":11,"minecraft:time_since_rest":3245,"minecraft:waystone_activated":1,"minecraft:damage_taken":5014,"minecraft:damage_dealt":6073,"minecraft:swim_one_cm":26817,"minecraft:fly_one_cm":180712,"minecraft:open_chest":52,"minecraft:crouch_one_cm":4853,"tombstone:undead_killed":10,"minecraft:fall_one_cm":38010},"minecraft:crafted":{"minecraft:smooth_stone":1,"minecraft:stone_shovel":12,"vanillaplustools:stone_hammer":1,"minecraft:furnace":1,"minecraft:stone":1,"minecraft:iron_axe":1,"minecraft:iron_hoe":1,"minecraft:stone_pickaxe":9,"stalwart_dungeons:iron_hammer":1,"vanillaplustools:stone_shovel":1,"quark:spruce_chest":3,"minecraft:dark_oak_planks":32,"minecraft:stone_hoe":1,"sophisticatedbackpacks:backpack":1,"minecraft:crafting_table":1,"minecraft:spruce_planks":802,"minecraft:iron_sword":1,"minecraft:cooked_salmon":5,"minecraft:stone_axe":2,"minecraft:bread":5,"minecraft:air":0,"minecraft:stick":36,"minecraft:iron_pickaxe":1,"minecraft:iron_shovel":1},"minecraft:killed":{"minecraft:vex":3,"alexsmobs:hummingbird":1,"minecraft:cave_spider":6,"undead_revamp2:thehunter":1,"minecraft:spider":1,"born_in_chaos_v1:thornshell_crab":1,"born_in_chaos_v1:maggot":4,"minecraft:drowned":4,"naturalist:bluejay":1,"minecraft:pillager":6,"minecraft:zombie":4,"born_in_chaos_v1:corpse_fly":1,"minecraft:stray":1}},"DataVersion":3465}