{"stats":{"minecraft:crafted":{"minecraft:spruce_planks":8,"quark:spruce_chest":1},"minecraft:mined":{"minecraft:purple_wool":1,"minecraft:grass":3,"luminousworld:grassvariant_2":2,"minecraft:cobweb":9,"minecraft:sugar_cane":1,"minecraft:oak_leaves":2,"minecraft:green_bed":2},"minecraft:custom":{"minecraft:time_since_rest":17104,"minecraft:waystone_activated":1,"minecraft:walk_one_cm":156707,"lootr:looted_stat":14,"minecraft:sprint_one_cm":214154,"minecraft:damage_taken":1226,"minecraft:mob_kills":9,"minecraft:drop":7,"tombstone:raider_killed":6,"minecraft:damage_dealt":2347,"minecraft:swim_one_cm":2340,"minecraft:interact_with_crafting_table":5,"minecraft:fly_one_cm":97035,"minecraft:crouch_one_cm":814,"minecraft:play_time":41276,"tombstone:undead_killed":1,"minecraft:deaths":2,"minecraft:sneak_time":491,"minecraft:walk_under_water_one_cm":6206,"minecraft:jump":594,"minecraft:interact_with_blast_furnace":1,"minecraft:time_since_death":32107,"minecraft:walk_on_water_one_cm":6617,"minecraft:sleep_in_bed":2,"minecraft:climb_one_cm":1577,"minecraft:total_world_time":41276,"minecraft:fall_one_cm":10583},"minecraft:used":{"minecraft:bread":4,"minecraft:iron_sword":53,"minecraft:green_bed":1,"minecraft:carrot":13,"minecraft:potato":24},"minecraft:picked_up":{"luminousworld:groundpebbles_1":2,"minecraft:purple_wool":1,"minecraft:feather":1,"illagerinvasion:platinum_chunk":2,"minecraft:green_bed":2,"supplementaries:flax_seeds":18,"minecraft:string":7,"minecraft:rotten_flesh":5,"minecraft:emerald":6,"tombstone:magic_scroll":1,"hangglider:hang_glider":2,"minecraft:sugar_cane":1},"minecraft:killed":{"minecraft:pillager":6,"alexsmobs:hummingbird":1,"undead_revamp2:thehunter":1,"naturalist:bluejay":1},"minecraft:dropped":{"supplementaries:flax_seeds":18,"illagerinvasion:platinum_chunk":1,"hangglider:hang_glider":2,"luminousworld:groundpebbles_1":1},"minecraft:killed_by":{"minecraft:pillager":2}},"DataVersion":3465}